[R652] batch=1/10 valid=99991 strict=99991 selected=128 unique=129 elapsed_s=2.6
[R652] batch=2/10 valid=199774 strict=199774 selected=256 unique=257 elapsed_s=4.3
[R652] batch=3/10 valid=300197 strict=300197 selected=384 unique=385 elapsed_s=5.8
[R652] batch=4/10 valid=400441 strict=400441 selected=512 unique=513 elapsed_s=7.9
[R652] batch=5/10 valid=500045 strict=500045 selected=640 unique=641 elapsed_s=9.6
[R652] batch=6/10 valid=599961 strict=599961 selected=768 unique=769 elapsed_s=11.2
[R652] batch=7/10 valid=700047 strict=700047 selected=896 unique=897 elapsed_s=12.6
[R652] batch=8/10 valid=799926 strict=799926 selected=1024 unique=1025 elapsed_s=14.1
[R652] batch=9/10 valid=899832 strict=899832 selected=1152 unique=1153 elapsed_s=15.6
[R652] batch=10/10 valid=999916 strict=999916 selected=1280 unique=1281 elapsed_s=17.4
{
  "round": "R652_ENGINEERED_DEPTH4_SURVIVOR_HUNTER",
  "binary": "engineered R646-family depth-4 survivor exists OR this pass finds none",
  "parameters": {
    "mode": "r646-neighborhood",
    "samples": 2000000,
    "batch_size": 200000,
    "jitter": 1,
    "max_exp": 4,
    "small_prime_bound": 499,
    "top_k_per_batch": 128,
    "exact_top": 64,
    "factor_limit": 10000000,
    "seed": 652,
    "min_log_n": 0.0,
    "max_log_n": 0.0,
    "output": "UNIVERSAL_LAW\\oracle\\results\\r652_gpu_2m_top64.json"
  },
  "gpu": {
    "available": true,
    "device": "NVIDIA GeForce RTX 4080 Laptop GPU",
    "mode": "r646-neighborhood",
    "samples": 2000000,
    "batch_size": 200000,
    "batches": 10,
    "jitter": 1,
    "max_exp": 4,
    "small_prime_bound": 499,
    "gpu_valid_total": 999916,
    "gpu_strict_total": 999916,
    "gpu_selected_total": 1280,
    "unique_candidate_count": 1281,
    "elapsed_s": 17.381
  },
  "exact_checked": 64,
  "exact_status_counts": {
    "DEPTH4_FORCED": 1,
    "P_COMPOSITE_OR_NOT_PROVED_BY_SYMPY": 63
  },
  "first_depth4_survivor": null,
  "best_depth4_forced": {
    "source": "base_r646",
    "rank": 1,
    "support": [
      [
        5,
        1
      ],
      [
        7,
        3
      ],
      [
        11,
        1
      ],
      [
        13,
        1
      ],
      [
        17,
        2
      ],
      [
        19,
        2
      ],
      [
        23,
        1
      ],
      [
        29,
        2
      ],
      [
        31,
        2
      ],
      [
        37,
        1
      ],
      [
        41,
        2
      ],
      [
        43,
        2
      ],
      [
        47,
        3
      ],
      [
        53,
        3
      ],
      [
        59,
        3
      ],
      [
        61,
        3
      ],
      [
        67,
        2
      ],
      [
        71,
        3
      ],
      [
        73,
        2
      ],
      [
        79,
        2
      ],
      [
        83,
        2
      ],
      [
        89,
        1
      ],
      [
        97,
        2
      ],
      [
        101,
        3
      ],
      [
        103,
        1
      ],
      [
        107,
        2
      ],
      [
        109,
        3
      ],
      [
        113,
        2
      ],
      [
        127,
        1
      ],
      [
        131,
        3
      ],
      [
        137,
        1
      ],
      [
        139,
        1
      ],
      [
        149,
        2
      ],
      [
        151,
        2
      ],
      [
        157,
        2
      ],
      [
        163,
        3
      ],
      [
        167,
        2
      ],
      [
        173,
        1
      ],
      [
        179,
        2
      ],
      [
        193,
        2
      ],
      [
        197,
        2
      ],
      [
        199,
        2
      ],
      [
        211,
        1
      ],
      [
        223,
        2
      ],
      [
        229,
        1
      ],
      [
        239,
        1
      ],
      [
        241,
        2
      ],
      [
        251,
        1
      ],
      [
        257,
        2
      ],
      [
        263,
        2
      ],
      [
        269,
        1
      ],
      [
        277,
        2
      ],
      [
        281,
        2
      ],
      [
        307,
        1
      ],
      [
        317,
        1
      ],
      [
        331,
        1
      ],
      [
        349,
        1
      ],
      [
        353,
        1
      ],
      [
        359,
        1
      ],
      [
        367,
        1
      ],
      [
        389,
        1
      ],
      [
        397,
        1
      ],
      [
        421,
        1
      ]
    ],
    "support_size": 63,
    "N_digits": 220,
    "N_mod_3": 2,
    "p_integral": true,
    "p_digits": 220,
    "p_mod_8": 7,
    "sympy_isprime_p": true,
    "C2_digits": 440,
    "x2_float": 0.8598619916409027,
    "depth2_strict_underflow": true,
    "depth2_exact_hit": false,
    "C2_factor_count": 46,
    "C2_rebuilds": true,
    "C2_factors_are_prime": true,
    "q_1_mod_p_factors_C2": [],
    "phi_C2_over_C2_float": 0.15982739128449888,
    "C3_digits": 659,
    "x3_float": 0.9972914906295618,
    "depth3_strict_underflow": true,
    "depth3_exact_hit": false,
    "status": "DEPTH4_FORCED",
    "x4_lower_float": 1.073173842777984,
    "r3_lower_ratio_float": 0.07608843839680195,
    "r3_lower_prime_count": 246,
    "r3_lower_last_prime": 1559,
    "r3_lower_next_prime": 1567,
    "gpu_score": null,
    "gpu_x2_approx": null,
    "gpu_hit_count": null,
    "gpu_log_N": 504.5624064625987
  },
  "best_depth3_underflow": {
    "source": "base_r646",
    "rank": 1,
    "support": [
      [
        5,
        1
      ],
      [
        7,
        3
      ],
      [
        11,
        1
      ],
      [
        13,
        1
      ],
      [
        17,
        2
      ],
      [
        19,
        2
      ],
      [
        23,
        1
      ],
      [
        29,
        2
      ],
      [
        31,
        2
      ],
      [
        37,
        1
      ],
      [
        41,
        2
      ],
      [
        43,
        2
      ],
      [
        47,
        3
      ],
      [
        53,
        3
      ],
      [
        59,
        3
      ],
      [
        61,
        3
      ],
      [
        67,
        2
      ],
      [
        71,
        3
      ],
      [
        73,
        2
      ],
      [
        79,
        2
      ],
      [
        83,
        2
      ],
      [
        89,
        1
      ],
      [
        97,
        2
      ],
      [
        101,
        3
      ],
      [
        103,
        1
      ],
      [
        107,
        2
      ],
      [
        109,
        3
      ],
      [
        113,
        2
      ],
      [
        127,
        1
      ],
      [
        131,
        3
      ],
      [
        137,
        1
      ],
      [
        139,
        1
      ],
      [
        149,
        2
      ],
      [
        151,
        2
      ],
      [
        157,
        2
      ],
      [
        163,
        3
      ],
      [
        167,
        2
      ],
      [
        173,
        1
      ],
      [
        179,
        2
      ],
      [
        193,
        2
      ],
      [
        197,
        2
      ],
      [
        199,
        2
      ],
      [
        211,
        1
      ],
      [
        223,
        2
      ],
      [
        229,
        1
      ],
      [
        239,
        1
      ],
      [
        241,
        2
      ],
      [
        251,
        1
      ],
      [
        257,
        2
      ],
      [
        263,
        2
      ],
      [
        269,
        1
      ],
      [
        277,
        2
      ],
      [
        281,
        2
      ],
      [
        307,
        1
      ],
      [
        317,
        1
      ],
      [
        331,
        1
      ],
      [
        349,
        1
      ],
      [
        353,
        1
      ],
      [
        359,
        1
      ],
      [
        367,
        1
      ],
      [
        389,
        1
      ],
      [
        397,
        1
      ],
      [
        421,
        1
      ]
    ],
    "support_size": 63,
    "N_digits": 220,
    "N_mod_3": 2,
    "p_integral": true,
    "p_digits": 220,
    "p_mod_8": 7,
    "sympy_isprime_p": true,
    "C2_digits": 440,
    "x2_float": 0.8598619916409027,
    "depth2_strict_underflow": true,
    "depth2_exact_hit": false,
    "C2_factor_count": 46,
    "C2_rebuilds": true,
    "C2_factors_are_prime": true,
    "q_1_mod_p_factors_C2": [],
    "phi_C2_over_C2_float": 0.15982739128449888,
    "C3_digits": 659,
    "x3_float": 0.9972914906295618,
    "depth3_strict_underflow": true,
    "depth3_exact_hit": false,
    "status": "DEPTH4_FORCED",
    "x4_lower_float": 1.073173842777984,
    "r3_lower_ratio_float": 0.07608843839680195,
    "r3_lower_prime_count": 246,
    "r3_lower_last_prime": 1559,
    "r3_lower_next_prime": 1567,
    "gpu_score": null,
    "gpu_x2_approx": null,
    "gpu_hit_count": null,
    "gpu_log_N": 504.5624064625987
  },
  "exact_rows": [
    {
      "source": "base_r646",
      "rank": 1,
      "support": [
        [
          5,
          1
        ],
        [
          7,
          3
        ],
        [
          11,
          1
        ],
        [
          13,
          1
        ],
        [
          17,
          2
        ],
        [
          19,
          2
        ],
        [
          23,
          1
        ],
        [
          29,
          2
        ],
        [
          31,
          2
        ],
        [
          37,
          1
        ],
        [
          41,
          2
        ],
        [
          43,
          2
        ],
        [
          47,
          3
        ],
        [
          53,
          3
        ],
        [
          59,
          3
        ],
        [
          61,
          3
        ],
        [
          67,
          2
        ],
        [
          71,
          3
        ],
        [
          73,
          2
        ],
        [
          79,
          2
        ],
        [
          83,
          2
        ],
        [
          89,
          1
        ],
        [
          97,
          2
        ],
        [
          101,
          3
        ],
        [
          103,
          1
        ],
        [
          107,
          2
        ],
        [
          109,
          3
        ],
        [
          113,
          2
        ],
        [
          127,
          1
        ],
        [
          131,
          3
        ],
        [
          137,
          1
        ],
        [
          139,
          1
        ],
        [
          149,
          2
        ],
        [
          151,
          2
        ],
        [
          157,
          2
        ],
        [
          163,
          3
        ],
        [
          167,
          2
        ],
        [
          173,
          1
        ],
        [
          179,
          2
        ],
        [
          193,
          2
        ],
        [
          197,
          2
        ],
        [
          199,
          2
        ],
        [
          211,
          1
        ],
        [
          223,
          2
        ],
        [
          229,
          1
        ],
        [
          239,
          1
        ],
        [
          241,
          2
        ],
        [
          251,
          1
        ],
        [
          257,
          2
        ],
        [
          263,
          2
        ],
        [
          269,
          1
        ],
        [
          277,
          2
        ],
        [
          281,
          2
        ],
        [
          307,
          1
        ],
        [
          317,
          1
        ],
        [
          331,
          1
        ],
        [
          349,
          1
        ],
        [
          353,
          1
        ],
        [
          359,
          1
        ],
        [
          367,
          1
        ],
        [
          389,
          1
        ],
        [
          397,
          1
        ],
        [
          421,
          1
        ]
      ],
      "support_size": 63,
      "N_digits": 220,
      "N_mod_3": 2,
      "p_integral": true,
      "p_digits": 220,
      "p_mod_8": 7,
      "sympy_isprime_p": true,
      "C2_digits": 440,
      "x2_float": 0.8598619916409027,
      "depth2_strict_underflow": true,
      "depth2_exact_hit": false,
      "C2_factor_count": 46,
      "C2_rebuilds": true,
      "C2_factors_are_prime": true,
      "q_1_mod_p_factors_C2": [],
      "phi_C2_over_C2_float": 0.15982739128449888,
      "C3_digits": 659,
      "x3_float": 0.9972914906295618,
      "depth3_strict_underflow": true,
      "depth3_exact_hit": false,
      "status": "DEPTH4_FORCED",
      "x4_lower_float": 1.073173842777984,
      "r3_lower_ratio_float": 0.07608843839680195,
      "r3_lower_prime_count": 246,
      "r3_lower_last_prime": 1559,
      "r3_lower_next_prime": 1567,
      "gpu_score": null,
      "gpu_x2_approx": null,
      "gpu_hit_count": null,
      "gpu_log_N": 504.5624064625987
    },
    {
      "source": "gpu_batch_7",
      "rank": 2,
      "support": [
        [
          5,
          2
        ],
        [
          7,
          2
        ],
        [
          11,
          2
        ],
        [
          13,
          2
        ],
        [
          17,
          2
        ],
        [
          19,
          3
        ],
        [
          23,
          2
        ],
        [
          29,
          3
        ],
        [
          31,
          2
        ],
        [
          37,
          1
        ],
        [
          41,
          1
        ],
        [
          43,
          3
        ],
        [
          47,
          2
        ],
        [
          53,
          4
        ],
        [
          59,
          4
        ],
        [
          61,
          3
        ],
        [
          67,
          2
        ],
        [
          71,
          2
        ],
        [
          73,
          3
        ],
        [
          79,
          1
        ],
        [
          83,
          2
        ],
        [
          89,
          2
        ],
        [
          97,
          1
        ],
        [
          101,
          4
        ],
        [
          103,
          2
        ],
        [
          107,
          2
        ],
        [
          109,
          2
        ],
        [
          113,
          2
        ],
        [
          127,
          2
        ],
        [
          131,
          3
        ],
        [
          137,
          2
        ],
        [
          139,
          2
        ],
        [
          149,
          3
        ],
        [
          151,
          2
        ],
        [
          157,
          2
        ],
        [
          163,
          4
        ],
        [
          167,
          2
        ],
        [
          173,
          2
        ],
        [
          179,
          1
        ],
        [
          193,
          2
        ],
        [
          197,
          2
        ],
        [
          199,
          2
        ],
        [
          211,
          1
        ],
        [
          223,
          2
        ],
        [
          229,
          2
        ],
        [
          239,
          2
        ],
        [
          241,
          3
        ],
        [
          251,
          2
        ],
        [
          257,
          2
        ],
        [
          263,
          2
        ],
        [
          269,
          2
        ],
        [
          277,
          2
        ],
        [
          281,
          2
        ],
        [
          317,
          1
        ],
        [
          353,
          2
        ],
        [
          359,
          2
        ],
        [
          389,
          1
        ],
        [
          397,
          2
        ],
        [
          421,
          1
        ]
      ],
      "support_size": 59,
      "N_digits": 248,
      "N_mod_3": 2,
      "p_integral": true,
      "p_digits": 248,
      "p_mod_8": 7,
      "sympy_isprime_p": false,
      "status": "P_COMPOSITE_OR_NOT_PROVED_BY_SYMPY",
      "gpu_score": 0.9899142167422217,
      "gpu_x2_approx": 0.8611756385782968,
      "gpu_hit_count": 57,
      "gpu_log_N": 569.7337942931913
    },
    {
      "source": "gpu_batch_8",
      "rank": 3,
      "support": [
        [
          5,
          1
        ],
        [
          7,
          2
        ],
        [
          11,
          2
        ],
        [
          13,
          2
        ],
        [
          17,
          1
        ],
        [
          19,
          2
        ],
        [
          23,
          2
        ],
        [
          29,
          2
        ],
        [
          31,
          3
        ],
        [
          37,
          2
        ],
        [
          41,
          3
        ],
        [
          43,
          3
        ],
        [
          47,
          4
        ],
        [
          53,
          2
        ],
        [
          59,
          4
        ],
        [
          61,
          4
        ],
        [
          67,
          2
        ],
        [
          71,
          2
        ],
        [
          73,
          3
        ],
        [
          79,
          1
        ],
        [
          83,
          2
        ],
        [
          89,
          1
        ],
        [
          97,
          3
        ],
        [
          101,
          2
        ],
        [
          103,
          1
        ],
        [
          107,
          3
        ],
        [
          109,
          4
        ],
        [
          113,
          3
        ],
        [
          127,
          2
        ],
        [
          131,
          2
        ],
        [
          137,
          2
        ],
        [
          139,
          1
        ],
        [
          149,
          2
        ],
        [
          151,
          3
        ],
        [
          157,
          2
        ],
        [
          163,
          2
        ],
        [
          167,
          2
        ],
        [
          173,
          2
        ],
        [
          179,
          2
        ],
        [
          193,
          2
        ],
        [
          197,
          2
        ],
        [
          199,
          2
        ],
        [
          211,
          2
        ],
        [
          223,
          2
        ],
        [
          229,
          2
        ],
        [
          239,
          2
        ],
        [
          241,
          2
        ],
        [
          251,
          2
        ],
        [
          257,
          2
        ],
        [
          263,
          2
        ],
        [
          269,
          1
        ],
        [
          277,
          2
        ],
        [
          281,
          2
        ],
        [
          307,
          2
        ],
        [
          317,
          2
        ],
        [
          353,
          1
        ],
        [
          359,
          1
        ],
        [
          367,
          1
        ],
        [
          389,
          2
        ],
        [
          397,
          2
        ],
        [
          421,
          2
        ]
      ],
      "support_size": 61,
      "N_digits": 257,
      "N_mod_3": 2,
      "p_integral": true,
      "p_digits": 257,
      "p_mod_8": 7,
      "sympy_isprime_p": false,
      "status": "P_COMPOSITE_OR_NOT_PROVED_BY_SYMPY",
      "gpu_score": 0.9910450174141685,
      "gpu_x2_approx": 0.8605115587980272,
      "gpu_hit_count": 56,
      "gpu_log_N": 589.7510490497041
    },
    {
      "source": "gpu_batch_0",
      "rank": 4,
      "support": [
        [
          5,
          2
        ],
        [
          7,
          2
        ],
        [
          11,
          1
        ],
        [
          13,
          2
        ],
        [
          17,
          1
        ],
        [
          19,
          1
        ],
        [
          23,
          2
        ],
        [
          29,
          1
        ],
        [
          31,
          3
        ],
        [
          37,
          1
        ],
        [
          41,
          2
        ],
        [
          43,
          2
        ],
        [
          47,
          2
        ],
        [
          53,
          3
        ],
        [
          59,
          3
        ],
        [
          61,
          4
        ],
        [
          67,
          3
        ],
        [
          71,
          3
        ],
        [
          73,
          2
        ],
        [
          79,
          3
        ],
        [
          83,
          3
        ],
        [
          89,
          1
        ],
        [
          97,
          3
        ],
        [
          101,
          3
        ],
        [
          103,
          2
        ],
        [
          107,
          3
        ],
        [
          109,
          2
        ],
        [
          113,
          3
        ],
        [
          131,
          4
        ],
        [
          137,
          2
        ],
        [
          139,
          2
        ],
        [
          149,
          3
        ],
        [
          151,
          3
        ],
        [
          157,
          2
        ],
        [
          163,
          2
        ],
        [
          167,
          3
        ],
        [
          173,
          2
        ],
        [
          179,
          3
        ],
        [
          193,
          2
        ],
        [
          197,
          2
        ],
        [
          199,
          3
        ],
        [
          211,
          1
        ],
        [
          223,
          2
        ],
        [
          229,
          2
        ],
        [
          239,
          1
        ],
        [
          241,
          2
        ],
        [
          251,
          1
        ],
        [
          257,
          3
        ],
        [
          263,
          2
        ],
        [
          269,
          1
        ],
        [
          277,
          2
        ],
        [
          281,
          1
        ],
        [
          307,
          1
        ],
        [
          317,
          2
        ],
        [
          331,
          2
        ],
        [
          349,
          2
        ],
        [
          353,
          2
        ],
        [
          359,
          2
        ],
        [
          367,
          2
        ],
        [
          389,
          2
        ],
        [
          421,
          1
        ]
      ],
      "support_size": 61,
      "N_digits": 264,
      "N_mod_3": 2,
      "p_integral": true,
      "p_digits": 264,
      "p_mod_8": 7,
      "sympy_isprime_p": false,
      "status": "P_COMPOSITE_OR_NOT_PROVED_BY_SYMPY",
      "gpu_score": 0.9912372623034146,
      "gpu_x2_approx": 0.8610135433009194,
      "gpu_hit_count": 56,
      "gpu_log_N": 607.347680852555
    },
    {
      "source": "gpu_batch_7",
      "rank": 5,
      "support": [
        [
          5,
          1
        ],
        [
          7,
          3
        ],
        [
          11,
          1
        ],
        [
          13,
          2
        ],
        [
          17,
          1
        ],
        [
          19,
          1
        ],
        [
          23,
          1
        ],
        [
          29,
          3
        ],
        [
          31,
          2
        ],
        [
          37,
          2
        ],
        [
          41,
          2
        ],
        [
          43,
          3
        ],
        [
          47,
          2
        ],
        [
          53,
          3
        ],
        [
          59,
          2
        ],
        [
          61,
          2
        ],
        [
          67,
          2
        ],
        [
          71,
          4
        ],
        [
          73,
          3
        ],
        [
          79,
          2
        ],
        [
          83,
          1
        ],
        [
          89,
          1
        ],
        [
          97,
          1
        ],
        [
          101,
          2
        ],
        [
          103,
          2
        ],
        [
          107,
          3
        ],
        [
          109,
          2
        ],
        [
          113,
          3
        ],
        [
          127,
          2
        ],
        [
          131,
          3
        ],
        [
          137,
          2
        ],
        [
          139,
          2
        ],
        [
          149,
          2
        ],
        [
          151,
          1
        ],
        [
          157,
          2
        ],
        [
          163,
          4
        ],
        [
          167,
          2
        ],
        [
          173,
          1
        ],
        [
          179,
          1
        ],
        [
          193,
          2
        ],
        [
          197,
          3
        ],
        [
          199,
          2
        ],
        [
          211,
          2
        ],
        [
          223,
          3
        ],
        [
          229,
          1
        ],
        [
          239,
          1
        ],
        [
          241,
          1
        ],
        [
          251,
          1
        ],
        [
          257,
          2
        ],
        [
          263,
          2
        ],
        [
          269,
          1
        ],
        [
          277,
          2
        ],
        [
          281,
          2
        ],
        [
          307,
          1
        ],
        [
          331,
          2
        ],
        [
          349,
          2
        ],
        [
          353,
          2
        ],
        [
          359,
          2
        ],
        [
          367,
          2
        ],
        [
          389,
          2
        ],
        [
          397,
          2
        ],
        [
          421,
          2
        ]
      ],
      "support_size": 62,
      "N_digits": 246,
      "N_mod_3": 2,
      "p_integral": true,
      "p_digits": 246,
      "p_mod_8": 7,
      "sympy_isprime_p": false,
      "status": "P_COMPOSITE_OR_NOT_PROVED_BY_SYMPY",
      "gpu_score": 0.9912670627801548,
      "gpu_x2_approx": 0.8602096561714119,
      "gpu_hit_count": 55,
      "gpu_log_N": 566.0273758985143
    },
    {
      "source": "gpu_batch_8",
      "rank": 6,
      "support": [
        [
          5,
          2
        ],
        [
          7,
          2
        ],
        [
          11,
          2
        ],
        [
          13,
          2
        ],
        [
          17,
          2
        ],
        [
          19,
          2
        ],
        [
          23,
          1
        ],
        [
          29,
          3
        ],
        [
          31,
          2
        ],
        [
          37,
          1
        ],
        [
          41,
          2
        ],
        [
          43,
          3
        ],
        [
          47,
          4
        ],
        [
          53,
          2
        ],
        [
          59,
          3
        ],
        [
          61,
          2
        ],
        [
          67,
          1
        ],
        [
          71,
          4
        ],
        [
          73,
          2
        ],
        [
          79,
          1
        ],
        [
          83,
          1
        ],
        [
          89,
          2
        ],
        [
          97,
          1
        ],
        [
          101,
          3
        ],
        [
          103,
          2
        ],
        [
          107,
          2
        ],
        [
          109,
          2
        ],
        [
          113,
          2
        ],
        [
          127,
          2
        ],
        [
          131,
          2
        ],
        [
          137,
          2
        ],
        [
          139,
          1
        ],
        [
          149,
          3
        ],
        [
          151,
          2
        ],
        [
          157,
          2
        ],
        [
          163,
          3
        ],
        [
          167,
          2
        ],
        [
          173,
          2
        ],
        [
          179,
          1
        ],
        [
          193,
          1
        ],
        [
          197,
          3
        ],
        [
          199,
          2
        ],
        [
          211,
          2
        ],
        [
          223,
          2
        ],
        [
          229,
          2
        ],
        [
          239,
          1
        ],
        [
          241,
          2
        ],
        [
          251,
          2
        ],
        [
          257,
          2
        ],
        [
          263,
          1
        ],
        [
          269,
          2
        ],
        [
          277,
          2
        ],
        [
          281,
          3
        ],
        [
          307,
          1
        ],
        [
          317,
          1
        ],
        [
          331,
          1
        ],
        [
          349,
          2
        ],
        [
          359,
          2
        ],
        [
          367,
          1
        ],
        [
          389,
          1
        ],
        [
          397,
          1
        ],
        [
          421,
          1
        ]
      ],
      "support_size": 62,
      "N_digits": 235,
      "N_mod_3": 2,
      "p_integral": true,
      "p_digits": 236,
      "p_mod_8": 7,
      "sympy_isprime_p": false,
      "status": "P_COMPOSITE_OR_NOT_PROVED_BY_SYMPY",
      "gpu_score": 0.9913932289427793,
      "gpu_x2_approx": 0.8601740995717008,
      "gpu_hit_count": 53,
      "gpu_log_N": 540.9364695907166
    },
    {
      "source": "gpu_batch_8",
      "rank": 7,
      "support": [
        [
          5,
          2
        ],
        [
          7,
          2
        ],
        [
          11,
          1
        ],
        [
          13,
          2
        ],
        [
          17,
          1
        ],
        [
          19,
          3
        ],
        [
          23,
          2
        ],
        [
          29,
          3
        ],
        [
          31,
          3
        ],
        [
          37,
          2
        ],
        [
          41,
          2
        ],
        [
          43,
          3
        ],
        [
          47,
          2
        ],
        [
          53,
          3
        ],
        [
          59,
          3
        ],
        [
          61,
          2
        ],
        [
          67,
          1
        ],
        [
          71,
          4
        ],
        [
          73,
          2
        ],
        [
          79,
          2
        ],
        [
          83,
          1
        ],
        [
          89,
          2
        ],
        [
          97,
          3
        ],
        [
          101,
          4
        ],
        [
          103,
          2
        ],
        [
          107,
          3
        ],
        [
          109,
          3
        ],
        [
          113,
          1
        ],
        [
          127,
          2
        ],
        [
          131,
          2
        ],
        [
          137,
          2
        ],
        [
          139,
          2
        ],
        [
          149,
          2
        ],
        [
          151,
          2
        ],
        [
          157,
          3
        ],
        [
          163,
          3
        ],
        [
          167,
          2
        ],
        [
          179,
          2
        ],
        [
          193,
          3
        ],
        [
          197,
          3
        ],
        [
          199,
          3
        ],
        [
          211,
          2
        ],
        [
          223,
          3
        ],
        [
          229,
          1
        ],
        [
          239,
          2
        ],
        [
          241,
          2
        ],
        [
          251,
          1
        ],
        [
          257,
          2
        ],
        [
          263,
          2
        ],
        [
          269,
          2
        ],
        [
          277,
          3
        ],
        [
          281,
          3
        ],
        [
          307,
          2
        ],
        [
          317,
          2
        ],
        [
          331,
          1
        ],
        [
          353,
          2
        ],
        [
          367,
          2
        ],
        [
          389,
          2
        ],
        [
          397,
          2
        ],
        [
          421,
          1
        ]
      ],
      "support_size": 60,
      "N_digits": 266,
      "N_mod_3": 2,
      "p_integral": true,
      "p_digits": 267,
      "p_mod_8": 7,
      "sympy_isprime_p": false,
      "status": "P_COMPOSITE_OR_NOT_PROVED_BY_SYMPY",
      "gpu_score": 0.9916458918895152,
      "gpu_x2_approx": 0.8611278031651989,
      "gpu_hit_count": 56,
      "gpu_log_N": 612.2726428778062
    },
    {
      "source": "gpu_batch_6",
      "rank": 8,
      "support": [
        [
          5,
          2
        ],
        [
          7,
          4
        ],
        [
          11,
          2
        ],
        [
          13,
          1
        ],
        [
          17,
          1
        ],
        [
          19,
          1
        ],
        [
          23,
          2
        ],
        [
          29,
          1
        ],
        [
          31,
          3
        ],
        [
          37,
          2
        ],
        [
          41,
          2
        ],
        [
          43,
          2
        ],
        [
          47,
          4
        ],
        [
          53,
          4
        ],
        [
          59,
          4
        ],
        [
          61,
          3
        ],
        [
          67,
          2
        ],
        [
          71,
          2
        ],
        [
          73,
          3
        ],
        [
          79,
          1
        ],
        [
          83,
          1
        ],
        [
          89,
          2
        ],
        [
          97,
          1
        ],
        [
          101,
          2
        ],
        [
          103,
          1
        ],
        [
          107,
          2
        ],
        [
          109,
          3
        ],
        [
          113,
          2
        ],
        [
          127,
          1
        ],
        [
          131,
          4
        ],
        [
          137,
          2
        ],
        [
          139,
          2
        ],
        [
          149,
          2
        ],
        [
          151,
          2
        ],
        [
          157,
          3
        ],
        [
          163,
          2
        ],
        [
          167,
          2
        ],
        [
          173,
          2
        ],
        [
          179,
          3
        ],
        [
          193,
          3
        ],
        [
          197,
          3
        ],
        [
          199,
          2
        ],
        [
          211,
          1
        ],
        [
          223,
          2
        ],
        [
          229,
          1
        ],
        [
          239,
          1
        ],
        [
          241,
          3
        ],
        [
          257,
          2
        ],
        [
          263,
          3
        ],
        [
          269,
          1
        ],
        [
          277,
          3
        ],
        [
          281,
          2
        ],
        [
          307,
          1
        ],
        [
          317,
          2
        ],
        [
          331,
          2
        ],
        [
          349,
          2
        ],
        [
          353,
          2
        ],
        [
          359,
          1
        ],
        [
          367,
          1
        ],
        [
          389,
          2
        ],
        [
          397,
          2
        ],
        [
          421,
          2
        ]
      ],
      "support_size": 62,
      "N_digits": 260,
      "N_mod_3": 2,
      "p_integral": true,
      "p_digits": 260,
      "p_mod_8": 7,
      "sympy_isprime_p": false,
      "status": "P_COMPOSITE_OR_NOT_PROVED_BY_SYMPY",
      "gpu_score": 0.9918810012327749,
      "gpu_x2_approx": 0.8603014396074664,
      "gpu_hit_count": 55,
      "gpu_log_N": 597.9943171379197
    },
    {
      "source": "gpu_batch_2",
      "rank": 9,
      "support": [
        [
          5,
          1
        ],
        [
          7,
          2
        ],
        [
          11,
          2
        ],
        [
          13,
          1
        ],
        [
          17,
          1
        ],
        [
          19,
          1
        ],
        [
          23,
          2
        ],
        [
          29,
          2
        ],
        [
          31,
          2
        ],
        [
          37,
          2
        ],
        [
          41,
          3
        ],
        [
          43,
          1
        ],
        [
          47,
          4
        ],
        [
          53,
          4
        ],
        [
          59,
          4
        ],
        [
          61,
          2
        ],
        [
          67,
          1
        ],
        [
          71,
          4
        ],
        [
          73,
          3
        ],
        [
          79,
          2
        ],
        [
          83,
          1
        ],
        [
          89,
          2
        ],
        [
          97,
          3
        ],
        [
          101,
          4
        ],
        [
          103,
          2
        ],
        [
          107,
          2
        ],
        [
          109,
          4
        ],
        [
          113,
          2
        ],
        [
          127,
          2
        ],
        [
          131,
          3
        ],
        [
          137,
          2
        ],
        [
          139,
          1
        ],
        [
          149,
          1
        ],
        [
          151,
          2
        ],
        [
          157,
          2
        ],
        [
          163,
          2
        ],
        [
          167,
          2
        ],
        [
          173,
          2
        ],
        [
          179,
          3
        ],
        [
          193,
          2
        ],
        [
          197,
          2
        ],
        [
          199,
          1
        ],
        [
          211,
          2
        ],
        [
          223,
          3
        ],
        [
          229,
          2
        ],
        [
          239,
          1
        ],
        [
          241,
          2
        ],
        [
          251,
          2
        ],
        [
          257,
          2
        ],
        [
          263,
          2
        ],
        [
          269,
          2
        ],
        [
          277,
          3
        ],
        [
          281,
          2
        ],
        [
          307,
          2
        ],
        [
          317,
          2
        ],
        [
          331,
          2
        ],
        [
          349,
          1
        ],
        [
          353,
          1
        ],
        [
          367,
          1
        ],
        [
          421,
          1
        ]
      ],
      "support_size": 60,
      "N_digits": 250,
      "N_mod_3": 2,
      "p_integral": true,
      "p_digits": 250,
      "p_mod_8": 7,
      "sympy_isprime_p": false,
      "status": "P_COMPOSITE_OR_NOT_PROVED_BY_SYMPY",
      "gpu_score": 0.99192293708845,
      "gpu_x2_approx": 0.8607317303308955,
      "gpu_hit_count": 54,
      "gpu_log_N": 573.7645849628431
    },
    {
      "source": "gpu_batch_2",
      "rank": 10,
      "support": [
        [
          5,
          2
        ],
        [
          7,
          2
        ],
        [
          11,
          2
        ],
        [
          13,
          2
        ],
        [
          17,
          1
        ],
        [
          19,
          1
        ],
        [
          23,
          2
        ],
        [
          29,
          3
        ],
        [
          31,
          2
        ],
        [
          37,
          2
        ],
        [
          41,
          3
        ],
        [
          43,
          3
        ],
        [
          47,
          3
        ],
        [
          53,
          3
        ],
        [
          59,
          3
        ],
        [
          61,
          4
        ],
        [
          67,
          1
        ],
        [
          71,
          4
        ],
        [
          73,
          3
        ],
        [
          79,
          2
        ],
        [
          83,
          2
        ],
        [
          89,
          2
        ],
        [
          97,
          3
        ],
        [
          101,
          4
        ],
        [
          103,
          2
        ],
        [
          107,
          3
        ],
        [
          109,
          2
        ],
        [
          113,
          3
        ],
        [
          127,
          2
        ],
        [
          131,
          2
        ],
        [
          137,
          2
        ],
        [
          139,
          2
        ],
        [
          149,
          3
        ],
        [
          151,
          3
        ],
        [
          157,
          2
        ],
        [
          163,
          4
        ],
        [
          167,
          3
        ],
        [
          173,
          1
        ],
        [
          179,
          3
        ],
        [
          193,
          3
        ],
        [
          197,
          1
        ],
        [
          199,
          1
        ],
        [
          223,
          2
        ],
        [
          229,
          1
        ],
        [
          239,
          2
        ],
        [
          241,
          2
        ],
        [
          251,
          2
        ],
        [
          257,
          3
        ],
        [
          263,
          1
        ],
        [
          269,
          1
        ],
        [
          277,
          3
        ],
        [
          281,
          3
        ],
        [
          307,
          2
        ],
        [
          317,
          2
        ],
        [
          331,
          2
        ],
        [
          349,
          2
        ],
        [
          353,
          2
        ],
        [
          359,
          1
        ],
        [
          367,
          2
        ],
        [
          389,
          1
        ],
        [
          397,
          1
        ],
        [
          421,
          1
        ]
      ],
      "support_size": 62,
      "N_digits": 276,
      "N_mod_3": 2,
      "p_integral": true,
      "p_digits": 276,
      "p_mod_8": 7,
      "sympy_isprime_p": false,
      "status": "P_COMPOSITE_OR_NOT_PROVED_BY_SYMPY",
      "gpu_score": 0.991934270161074,
      "gpu_x2_approx": 0.8603851439820499,
      "gpu_hit_count": 53,
      "gpu_log_N": 634.215097390537
    },
    {
      "source": "gpu_batch_7",
      "rank": 11,
      "support": [
        [
          5,
          1
        ],
        [
          7,
          4
        ],
        [
          11,
          2
        ],
        [
          13,
          1
        ],
        [
          17,
          3
        ],
        [
          19,
          2
        ],
        [
          23,
          1
        ],
        [
          29,
          2
        ],
        [
          31,
          3
        ],
        [
          37,
          2
        ],
        [
          41,
          1
        ],
        [
          43,
          2
        ],
        [
          47,
          4
        ],
        [
          53,
          2
        ],
        [
          59,
          4
        ],
        [
          61,
          4
        ],
        [
          67,
          1
        ],
        [
          71,
          4
        ],
        [
          73,
          2
        ],
        [
          79,
          3
        ],
        [
          83,
          3
        ],
        [
          89,
          1
        ],
        [
          97,
          2
        ],
        [
          101,
          4
        ],
        [
          103,
          2
        ],
        [
          107,
          2
        ],
        [
          109,
          4
        ],
        [
          113,
          3
        ],
        [
          127,
          2
        ],
        [
          131,
          3
        ],
        [
          137,
          2
        ],
        [
          139,
          2
        ],
        [
          149,
          2
        ],
        [
          151,
          2
        ],
        [
          157,
          1
        ],
        [
          163,
          2
        ],
        [
          167,
          3
        ],
        [
          173,
          2
        ],
        [
          179,
          2
        ],
        [
          193,
          3
        ],
        [
          197,
          1
        ],
        [
          199,
          2
        ],
        [
          211,
          1
        ],
        [
          223,
          1
        ],
        [
          229,
          2
        ],
        [
          239,
          2
        ],
        [
          241,
          2
        ],
        [
          251,
          2
        ],
        [
          257,
          2
        ],
        [
          263,
          3
        ],
        [
          269,
          1
        ],
        [
          277,
          1
        ],
        [
          281,
          2
        ],
        [
          307,
          2
        ],
        [
          317,
          2
        ],
        [
          353,
          1
        ],
        [
          359,
          2
        ],
        [
          367,
          1
        ],
        [
          389,
          2
        ],
        [
          397,
          2
        ],
        [
          421,
          1
        ]
      ],
      "support_size": 61,
      "N_digits": 259,
      "N_mod_3": 2,
      "p_integral": true,
      "p_digits": 259,
      "p_mod_8": 7,
      "sympy_isprime_p": false,
      "status": "P_COMPOSITE_OR_NOT_PROVED_BY_SYMPY",
      "gpu_score": 0.9919557525707134,
      "gpu_x2_approx": 0.8605115587980272,
      "gpu_hit_count": 53,
      "gpu_log_N": 594.0893044912675
    },
    {
      "source": "gpu_batch_9",
      "rank": 12,
      "support": [
        [
          5,
          1
        ],
        [
          7,
          2
        ],
        [
          11,
          2
        ],
        [
          13,
          2
        ],
        [
          17,
          3
        ],
        [
          19,
          2
        ],
        [
          23,
          2
        ],
        [
          29,
          3
        ],
        [
          31,
          3
        ],
        [
          37,
          2
        ],
        [
          41,
          2
        ],
        [
          43,
          2
        ],
        [
          47,
          2
        ],
        [
          53,
          4
        ],
        [
          59,
          4
        ],
        [
          61,
          3
        ],
        [
          67,
          1
        ],
        [
          71,
          2
        ],
        [
          73,
          3
        ],
        [
          79,
          3
        ],
        [
          83,
          2
        ],
        [
          89,
          1
        ],
        [
          97,
          1
        ],
        [
          101,
          2
        ],
        [
          103,
          2
        ],
        [
          107,
          2
        ],
        [
          109,
          3
        ],
        [
          113,
          2
        ],
        [
          127,
          2
        ],
        [
          131,
          2
        ],
        [
          137,
          2
        ],
        [
          149,
          2
        ],
        [
          151,
          3
        ],
        [
          157,
          2
        ],
        [
          163,
          2
        ],
        [
          167,
          3
        ],
        [
          173,
          2
        ],
        [
          179,
          1
        ],
        [
          193,
          1
        ],
        [
          197,
          3
        ],
        [
          199,
          3
        ],
        [
          211,
          2
        ],
        [
          223,
          1
        ],
        [
          229,
          2
        ],
        [
          239,
          2
        ],
        [
          241,
          2
        ],
        [
          251,
          2
        ],
        [
          257,
          2
        ],
        [
          263,
          2
        ],
        [
          269,
          1
        ],
        [
          277,
          3
        ],
        [
          281,
          2
        ],
        [
          317,
          2
        ],
        [
          331,
          1
        ],
        [
          349,
          1
        ],
        [
          353,
          2
        ],
        [
          359,
          1
        ],
        [
          367,
          1
        ],
        [
          389,
          2
        ],
        [
          397,
          1
        ],
        [
          421,
          2
        ]
      ],
      "support_size": 61,
      "N_digits": 250,
      "N_mod_3": 2,
      "p_integral": true,
      "p_digits": 250,
      "p_mod_8": 7,
      "sympy_isprime_p": false,
      "status": "P_COMPOSITE_OR_NOT_PROVED_BY_SYMPY",
      "gpu_score": 0.9920070778350938,
      "gpu_x2_approx": 0.8610197207846036,
      "gpu_hit_count": 54,
      "gpu_log_N": 573.9801844776599
    },
    {
      "source": "gpu_batch_5",
      "rank": 13,
      "support": [
        [
          5,
          2
        ],
        [
          7,
          2
        ],
        [
          11,
          1
        ],
        [
          13,
          2
        ],
        [
          17,
          2
        ],
        [
          19,
          3
        ],
        [
          23,
          2
        ],
        [
          29,
          2
        ],
        [
          31,
          2
        ],
        [
          37,
          2
        ],
        [
          41,
          3
        ],
        [
          43,
          2
        ],
        [
          47,
          2
        ],
        [
          53,
          3
        ],
        [
          59,
          2
        ],
        [
          61,
          4
        ],
        [
          67,
          1
        ],
        [
          71,
          2
        ],
        [
          73,
          2
        ],
        [
          79,
          2
        ],
        [
          83,
          3
        ],
        [
          89,
          1
        ],
        [
          97,
          1
        ],
        [
          101,
          3
        ],
        [
          103,
          1
        ],
        [
          107,
          2
        ],
        [
          109,
          2
        ],
        [
          113,
          3
        ],
        [
          127,
          2
        ],
        [
          131,
          2
        ],
        [
          137,
          2
        ],
        [
          139,
          2
        ],
        [
          149,
          3
        ],
        [
          151,
          3
        ],
        [
          157,
          2
        ],
        [
          163,
          4
        ],
        [
          167,
          1
        ],
        [
          173,
          2
        ],
        [
          179,
          2
        ],
        [
          193,
          2
        ],
        [
          197,
          3
        ],
        [
          199,
          3
        ],
        [
          211,
          2
        ],
        [
          223,
          3
        ],
        [
          229,
          2
        ],
        [
          239,
          2
        ],
        [
          241,
          2
        ],
        [
          257,
          2
        ],
        [
          263,
          2
        ],
        [
          269,
          2
        ],
        [
          277,
          3
        ],
        [
          281,
          2
        ],
        [
          307,
          2
        ],
        [
          317,
          1
        ],
        [
          331,
          1
        ],
        [
          349,
          1
        ],
        [
          353,
          1
        ],
        [
          359,
          1
        ],
        [
          389,
          2
        ],
        [
          397,
          1
        ],
        [
          421,
          1
        ]
      ],
      "support_size": 61,
      "N_digits": 251,
      "N_mod_3": 2,
      "p_integral": true,
      "p_digits": 251,
      "p_mod_8": 7,
      "sympy_isprime_p": false,
      "status": "P_COMPOSITE_OR_NOT_PROVED_BY_SYMPY",
      "gpu_score": 0.9920820234545475,
      "gpu_x2_approx": 0.8606028096610386,
      "gpu_hit_count": 53,
      "gpu_log_N": 576.4890765973421
    },
    {
      "source": "gpu_batch_7",
      "rank": 14,
      "support": [
        [
          5,
          2
        ],
        [
          7,
          4
        ],
        [
          11,
          1
        ],
        [
          13,
          2
        ],
        [
          17,
          1
        ],
        [
          19,
          3
        ],
        [
          23,
          1
        ],
        [
          29,
          2
        ],
        [
          31,
          3
        ],
        [
          37,
          1
        ],
        [
          41,
          2
        ],
        [
          43,
          2
        ],
        [
          47,
          3
        ],
        [
          53,
          4
        ],
        [
          59,
          4
        ],
        [
          61,
          4
        ],
        [
          67,
          2
        ],
        [
          71,
          4
        ],
        [
          73,
          2
        ],
        [
          79,
          2
        ],
        [
          83,
          2
        ],
        [
          89,
          1
        ],
        [
          97,
          1
        ],
        [
          101,
          4
        ],
        [
          103,
          2
        ],
        [
          107,
          3
        ],
        [
          109,
          2
        ],
        [
          113,
          2
        ],
        [
          127,
          2
        ],
        [
          131,
          3
        ],
        [
          137,
          2
        ],
        [
          139,
          1
        ],
        [
          149,
          3
        ],
        [
          151,
          3
        ],
        [
          157,
          3
        ],
        [
          163,
          4
        ],
        [
          167,
          3
        ],
        [
          173,
          2
        ],
        [
          179,
          1
        ],
        [
          193,
          2
        ],
        [
          197,
          1
        ],
        [
          199,
          3
        ],
        [
          211,
          2
        ],
        [
          223,
          2
        ],
        [
          229,
          2
        ],
        [
          239,
          2
        ],
        [
          241,
          1
        ],
        [
          251,
          1
        ],
        [
          257,
          2
        ],
        [
          263,
          2
        ],
        [
          269,
          1
        ],
        [
          277,
          3
        ],
        [
          281,
          2
        ],
        [
          307,
          2
        ],
        [
          317,
          1
        ],
        [
          331,
          2
        ],
        [
          359,
          2
        ],
        [
          367,
          1
        ],
        [
          389,
          1
        ],
        [
          421,
          2
        ]
      ],
      "support_size": 60,
      "N_digits": 258,
      "N_mod_3": 2,
      "p_integral": true,
      "p_digits": 258,
      "p_mod_8": 7,
      "sympy_isprime_p": false,
      "status": "P_COMPOSITE_OR_NOT_PROVED_BY_SYMPY",
      "gpu_score": 0.9921180606992667,
      "gpu_x2_approx": 0.8607697087103641,
      "gpu_hit_count": 53,
      "gpu_log_N": 592.4860195038507
    },
    {
      "source": "gpu_batch_9",
      "rank": 15,
      "support": [
        [
          5,
          2
        ],
        [
          7,
          3
        ],
        [
          11,
          2
        ],
        [
          13,
          1
        ],
        [
          17,
          2
        ],
        [
          19,
          3
        ],
        [
          23,
          1
        ],
        [
          29,
          3
        ],
        [
          31,
          3
        ],
        [
          37,
          2
        ],
        [
          41,
          1
        ],
        [
          43,
          1
        ],
        [
          47,
          3
        ],
        [
          53,
          2
        ],
        [
          59,
          2
        ],
        [
          61,
          4
        ],
        [
          67,
          3
        ],
        [
          71,
          4
        ],
        [
          73,
          3
        ],
        [
          79,
          3
        ],
        [
          83,
          2
        ],
        [
          89,
          2
        ],
        [
          97,
          3
        ],
        [
          101,
          3
        ],
        [
          103,
          2
        ],
        [
          107,
          2
        ],
        [
          109,
          3
        ],
        [
          113,
          3
        ],
        [
          127,
          2
        ],
        [
          131,
          4
        ],
        [
          137,
          2
        ],
        [
          139,
          2
        ],
        [
          149,
          2
        ],
        [
          151,
          1
        ],
        [
          157,
          3
        ],
        [
          163,
          3
        ],
        [
          167,
          3
        ],
        [
          173,
          2
        ],
        [
          179,
          1
        ],
        [
          193,
          2
        ],
        [
          197,
          2
        ],
        [
          199,
          1
        ],
        [
          211,
          2
        ],
        [
          223,
          3
        ],
        [
          229,
          1
        ],
        [
          239,
          2
        ],
        [
          241,
          3
        ],
        [
          251,
          2
        ],
        [
          257,
          2
        ],
        [
          263,
          1
        ],
        [
          269,
          1
        ],
        [
          277,
          1
        ],
        [
          281,
          1
        ],
        [
          307,
          1
        ],
        [
          317,
          2
        ],
        [
          331,
          2
        ],
        [
          349,
          2
        ],
        [
          359,
          2
        ],
        [
          367,
          2
        ],
        [
          421,
          2
        ]
      ],
      "support_size": 60,
      "N_digits": 258,
      "N_mod_3": 2,
      "p_integral": true,
      "p_digits": 258,
      "p_mod_8": 7,
      "sympy_isprime_p": false,
      "status": "P_COMPOSITE_OR_NOT_PROVED_BY_SYMPY",
      "gpu_score": 0.9922243420821232,
      "gpu_x2_approx": 0.8607369879149515,
      "gpu_hit_count": 53,
      "gpu_log_N": 593.3154384393918
    },
    {
      "source": "gpu_batch_6",
      "rank": 16,
      "support": [
        [
          5,
          2
        ],
        [
          7,
          4
        ],
        [
          11,
          1
        ],
        [
          13,
          2
        ],
        [
          17,
          3
        ],
        [
          19,
          3
        ],
        [
          23,
          1
        ],
        [
          29,
          2
        ],
        [
          31,
          2
        ],
        [
          37,
          2
        ],
        [
          41,
          2
        ],
        [
          43,
          3
        ],
        [
          47,
          4
        ],
        [
          53,
          2
        ],
        [
          59,
          3
        ],
        [
          61,
          3
        ],
        [
          67,
          2
        ],
        [
          71,
          4
        ],
        [
          73,
          2
        ],
        [
          79,
          2
        ],
        [
          83,
          3
        ],
        [
          89,
          2
        ],
        [
          97,
          1
        ],
        [
          101,
          4
        ],
        [
          103,
          2
        ],
        [
          107,
          3
        ],
        [
          109,
          4
        ],
        [
          113,
          2
        ],
        [
          127,
          1
        ],
        [
          131,
          4
        ],
        [
          137,
          2
        ],
        [
          139,
          2
        ],
        [
          149,
          3
        ],
        [
          151,
          3
        ],
        [
          157,
          1
        ],
        [
          163,
          2
        ],
        [
          167,
          3
        ],
        [
          173,
          2
        ],
        [
          179,
          3
        ],
        [
          193,
          3
        ],
        [
          197,
          2
        ],
        [
          199,
          3
        ],
        [
          211,
          1
        ],
        [
          223,
          3
        ],
        [
          229,
          2
        ],
        [
          239,
          2
        ],
        [
          241,
          2
        ],
        [
          251,
          1
        ],
        [
          257,
          3
        ],
        [
          263,
          1
        ],
        [
          269,
          2
        ],
        [
          277,
          2
        ],
        [
          281,
          3
        ],
        [
          307,
          1
        ],
        [
          349,
          2
        ],
        [
          353,
          2
        ],
        [
          359,
          1
        ],
        [
          367,
          2
        ],
        [
          389,
          1
        ],
        [
          397,
          2
        ],
        [
          421,
          1
        ]
      ],
      "support_size": 61,
      "N_digits": 275,
      "N_mod_3": 2,
      "p_integral": true,
      "p_digits": 275,
      "p_mod_8": 7,
      "sympy_isprime_p": false,
      "status": "P_COMPOSITE_OR_NOT_PROVED_BY_SYMPY",
      "gpu_score": 0.9922733974200721,
      "gpu_x2_approx": 0.8605436248264768,
      "gpu_hit_count": 53,
      "gpu_log_N": 631.1145139514687
    },
    {
      "source": "gpu_batch_0",
      "rank": 17,
      "support": [
        [
          5,
          2
        ],
        [
          7,
          2
        ],
        [
          11,
          2
        ],
        [
          13,
          1
        ],
        [
          17,
          2
        ],
        [
          19,
          2
        ],
        [
          23,
          2
        ],
        [
          29,
          1
        ],
        [
          31,
          3
        ],
        [
          37,
          2
        ],
        [
          41,
          1
        ],
        [
          43,
          3
        ],
        [
          47,
          3
        ],
        [
          53,
          3
        ],
        [
          59,
          4
        ],
        [
          61,
          4
        ],
        [
          67,
          3
        ],
        [
          71,
          2
        ],
        [
          73,
          2
        ],
        [
          79,
          1
        ],
        [
          83,
          2
        ],
        [
          89,
          2
        ],
        [
          97,
          2
        ],
        [
          101,
          2
        ],
        [
          103,
          2
        ],
        [
          107,
          3
        ],
        [
          109,
          2
        ],
        [
          113,
          3
        ],
        [
          127,
          2
        ],
        [
          131,
          4
        ],
        [
          137,
          2
        ],
        [
          139,
          2
        ],
        [
          149,
          1
        ],
        [
          151,
          2
        ],
        [
          157,
          3
        ],
        [
          163,
          4
        ],
        [
          167,
          3
        ],
        [
          173,
          2
        ],
        [
          179,
          3
        ],
        [
          193,
          1
        ],
        [
          197,
          3
        ],
        [
          199,
          1
        ],
        [
          211,
          2
        ],
        [
          223,
          2
        ],
        [
          229,
          2
        ],
        [
          239,
          1
        ],
        [
          241,
          3
        ],
        [
          251,
          1
        ],
        [
          257,
          3
        ],
        [
          263,
          3
        ],
        [
          269,
          2
        ],
        [
          277,
          2
        ],
        [
          281,
          1
        ],
        [
          307,
          2
        ],
        [
          317,
          2
        ],
        [
          331,
          2
        ],
        [
          353,
          1
        ],
        [
          367,
          2
        ],
        [
          389,
          1
        ],
        [
          397,
          1
        ],
        [
          421,
          1
        ]
      ],
      "support_size": 61,
      "N_digits": 261,
      "N_mod_3": 2,
      "p_integral": true,
      "p_digits": 261,
      "p_mod_8": 7,
      "sympy_isprime_p": false,
      "status": "P_COMPOSITE_OR_NOT_PROVED_BY_SYMPY",
      "gpu_score": 0.9922919517974956,
      "gpu_x2_approx": 0.8604854459214695,
      "gpu_hit_count": 52,
      "gpu_log_N": 600.171219089624
    },
    {
      "source": "gpu_batch_0",
      "rank": 18,
      "support": [
        [
          5,
          2
        ],
        [
          7,
          2
        ],
        [
          11,
          2
        ],
        [
          13,
          2
        ],
        [
          17,
          1
        ],
        [
          19,
          3
        ],
        [
          23,
          2
        ],
        [
          29,
          1
        ],
        [
          31,
          2
        ],
        [
          37,
          2
        ],
        [
          41,
          1
        ],
        [
          43,
          3
        ],
        [
          47,
          4
        ],
        [
          53,
          3
        ],
        [
          59,
          3
        ],
        [
          61,
          4
        ],
        [
          67,
          1
        ],
        [
          71,
          4
        ],
        [
          73,
          2
        ],
        [
          79,
          2
        ],
        [
          83,
          3
        ],
        [
          89,
          1
        ],
        [
          97,
          3
        ],
        [
          101,
          4
        ],
        [
          103,
          2
        ],
        [
          107,
          3
        ],
        [
          109,
          2
        ],
        [
          113,
          2
        ],
        [
          127,
          2
        ],
        [
          131,
          3
        ],
        [
          137,
          2
        ],
        [
          139,
          2
        ],
        [
          149,
          3
        ],
        [
          151,
          3
        ],
        [
          157,
          2
        ],
        [
          163,
          2
        ],
        [
          167,
          3
        ],
        [
          173,
          2
        ],
        [
          179,
          2
        ],
        [
          193,
          2
        ],
        [
          197,
          3
        ],
        [
          199,
          1
        ],
        [
          223,
          2
        ],
        [
          239,
          1
        ],
        [
          241,
          3
        ],
        [
          251,
          2
        ],
        [
          257,
          2
        ],
        [
          263,
          3
        ],
        [
          269,
          1
        ],
        [
          277,
          2
        ],
        [
          281,
          3
        ],
        [
          307,
          2
        ],
        [
          317,
          2
        ],
        [
          331,
          1
        ],
        [
          349,
          1
        ],
        [
          353,
          1
        ],
        [
          389,
          2
        ],
        [
          397,
          2
        ],
        [
          421,
          2
        ]
      ],
      "support_size": 59,
      "N_digits": 260,
      "N_mod_3": 2,
      "p_integral": true,
      "p_digits": 260,
      "p_mod_8": 7,
      "sympy_isprime_p": false,
      "status": "P_COMPOSITE_OR_NOT_PROVED_BY_SYMPY",
      "gpu_score": 0.9923441533625285,
      "gpu_x2_approx": 0.8614827478079664,
      "gpu_hit_count": 54,
      "gpu_log_N": 597.9803339843736
    },
    {
      "source": "gpu_batch_9",
      "rank": 19,
      "support": [
        [
          5,
          2
        ],
        [
          7,
          4
        ],
        [
          11,
          2
        ],
        [
          13,
          1
        ],
        [
          17,
          3
        ],
        [
          19,
          3
        ],
        [
          23,
          1
        ],
        [
          29,
          3
        ],
        [
          31,
          3
        ],
        [
          37,
          2
        ],
        [
          41,
          2
        ],
        [
          43,
          1
        ],
        [
          47,
          4
        ],
        [
          53,
          2
        ],
        [
          59,
          3
        ],
        [
          61,
          4
        ],
        [
          67,
          1
        ],
        [
          71,
          4
        ],
        [
          73,
          3
        ],
        [
          79,
          3
        ],
        [
          83,
          2
        ],
        [
          89,
          2
        ],
        [
          97,
          2
        ],
        [
          101,
          4
        ],
        [
          103,
          2
        ],
        [
          107,
          2
        ],
        [
          109,
          2
        ],
        [
          113,
          2
        ],
        [
          127,
          2
        ],
        [
          131,
          4
        ],
        [
          137,
          2
        ],
        [
          139,
          1
        ],
        [
          149,
          1
        ],
        [
          151,
          2
        ],
        [
          157,
          1
        ],
        [
          163,
          2
        ],
        [
          167,
          3
        ],
        [
          173,
          2
        ],
        [
          179,
          2
        ],
        [
          193,
          3
        ],
        [
          197,
          2
        ],
        [
          199,
          3
        ],
        [
          211,
          2
        ],
        [
          223,
          1
        ],
        [
          229,
          2
        ],
        [
          239,
          2
        ],
        [
          241,
          1
        ],
        [
          251,
          2
        ],
        [
          257,
          3
        ],
        [
          263,
          1
        ],
        [
          269,
          2
        ],
        [
          277,
          1
        ],
        [
          281,
          2
        ],
        [
          307,
          2
        ],
        [
          317,
          1
        ],
        [
          331,
          2
        ],
        [
          349,
          1
        ],
        [
          353,
          2
        ],
        [
          359,
          2
        ],
        [
          389,
          2
        ],
        [
          397,
          1
        ]
      ],
      "support_size": 61,
      "N_digits": 258,
      "N_mod_3": 2,
      "p_integral": true,
      "p_digits": 258,
      "p_mod_8": 7,
      "sympy_isprime_p": false,
      "status": "P_COMPOSITE_OR_NOT_PROVED_BY_SYMPY",
      "gpu_score": 0.9923657141126377,
      "gpu_x2_approx": 0.860424451876535,
      "gpu_hit_count": 53,
      "gpu_log_N": 593.1502535711757
    },
    {
      "source": "gpu_batch_9",
      "rank": 20,
      "support": [
        [
          5,
          1
        ],
        [
          7,
          4
        ],
        [
          11,
          2
        ],
        [
          13,
          2
        ],
        [
          17,
          1
        ],
        [
          19,
          2
        ],
        [
          23,
          2
        ],
        [
          29,
          1
        ],
        [
          31,
          3
        ],
        [
          37,
          2
        ],
        [
          41,
          2
        ],
        [
          43,
          2
        ],
        [
          47,
          4
        ],
        [
          53,
          3
        ],
        [
          59,
          3
        ],
        [
          61,
          4
        ],
        [
          67,
          1
        ],
        [
          71,
          4
        ],
        [
          73,
          3
        ],
        [
          79,
          2
        ],
        [
          83,
          3
        ],
        [
          89,
          1
        ],
        [
          97,
          2
        ],
        [
          101,
          4
        ],
        [
          103,
          2
        ],
        [
          107,
          2
        ],
        [
          109,
          3
        ],
        [
          113,
          3
        ],
        [
          127,
          2
        ],
        [
          131,
          2
        ],
        [
          137,
          2
        ],
        [
          139,
          2
        ],
        [
          149,
          3
        ],
        [
          151,
          2
        ],
        [
          157,
          3
        ],
        [
          163,
          3
        ],
        [
          167,
          3
        ],
        [
          173,
          1
        ],
        [
          179,
          3
        ],
        [
          193,
          2
        ],
        [
          197,
          1
        ],
        [
          199,
          1
        ],
        [
          211,
          2
        ],
        [
          223,
          2
        ],
        [
          229,
          2
        ],
        [
          239,
          1
        ],
        [
          241,
          3
        ],
        [
          257,
          3
        ],
        [
          263,
          2
        ],
        [
          269,
          2
        ],
        [
          277,
          1
        ],
        [
          281,
          3
        ],
        [
          317,
          1
        ],
        [
          331,
          2
        ],
        [
          349,
          2
        ],
        [
          353,
          2
        ],
        [
          359,
          2
        ],
        [
          367,
          2
        ],
        [
          397,
          1
        ],
        [
          421,
          1
        ]
      ],
      "support_size": 60,
      "N_digits": 263,
      "N_mod_3": 2,
      "p_integral": true,
      "p_digits": 264,
      "p_mod_8": 7,
      "sympy_isprime_p": false,
      "status": "P_COMPOSITE_OR_NOT_PROVED_BY_SYMPY",
      "gpu_score": 0.9924208022451491,
      "gpu_x2_approx": 0.8609471129155924,
      "gpu_hit_count": 53,
      "gpu_log_N": 605.2940695543795
    },
    {
      "source": "gpu_batch_8",
      "rank": 21,
      "support": [
        [
          5,
          2
        ],
        [
          7,
          3
        ],
        [
          11,
          2
        ],
        [
          13,
          2
        ],
        [
          17,
          2
        ],
        [
          19,
          3
        ],
        [
          23,
          2
        ],
        [
          29,
          1
        ],
        [
          31,
          3
        ],
        [
          37,
          2
        ],
        [
          41,
          2
        ],
        [
          43,
          3
        ],
        [
          47,
          4
        ],
        [
          53,
          2
        ],
        [
          59,
          2
        ],
        [
          61,
          3
        ],
        [
          67,
          1
        ],
        [
          71,
          2
        ],
        [
          73,
          2
        ],
        [
          79,
          3
        ],
        [
          83,
          2
        ],
        [
          89,
          2
        ],
        [
          97,
          2
        ],
        [
          101,
          3
        ],
        [
          103,
          2
        ],
        [
          107,
          3
        ],
        [
          109,
          2
        ],
        [
          113,
          2
        ],
        [
          127,
          2
        ],
        [
          131,
          2
        ],
        [
          137,
          2
        ],
        [
          139,
          2
        ],
        [
          149,
          2
        ],
        [
          151,
          2
        ],
        [
          157,
          2
        ],
        [
          163,
          2
        ],
        [
          167,
          3
        ],
        [
          173,
          2
        ],
        [
          179,
          2
        ],
        [
          193,
          3
        ],
        [
          197,
          3
        ],
        [
          199,
          2
        ],
        [
          211,
          1
        ],
        [
          223,
          3
        ],
        [
          229,
          1
        ],
        [
          239,
          1
        ],
        [
          241,
          2
        ],
        [
          251,
          1
        ],
        [
          257,
          2
        ],
        [
          263,
          1
        ],
        [
          269,
          1
        ],
        [
          277,
          2
        ],
        [
          281,
          2
        ],
        [
          307,
          2
        ],
        [
          317,
          2
        ],
        [
          331,
          1
        ],
        [
          349,
          1
        ],
        [
          359,
          1
        ],
        [
          389,
          1
        ],
        [
          397,
          2
        ]
      ],
      "support_size": 60,
      "N_digits": 240,
      "N_mod_3": 2,
      "p_integral": true,
      "p_digits": 240,
      "p_mod_8": 7,
      "sympy_isprime_p": false,
      "status": "P_COMPOSITE_OR_NOT_PROVED_BY_SYMPY",
      "gpu_score": 0.9924991986769415,
      "gpu_x2_approx": 0.8607381577057297,
      "gpu_hit_count": 51,
      "gpu_log_N": 550.4997860624369
    },
    {
      "source": "gpu_batch_0",
      "rank": 22,
      "support": [
        [
          5,
          2
        ],
        [
          7,
          2
        ],
        [
          11,
          2
        ],
        [
          13,
          2
        ],
        [
          17,
          2
        ],
        [
          19,
          1
        ],
        [
          23,
          1
        ],
        [
          29,
          2
        ],
        [
          31,
          2
        ],
        [
          37,
          2
        ],
        [
          41,
          1
        ],
        [
          43,
          2
        ],
        [
          47,
          2
        ],
        [
          53,
          4
        ],
        [
          59,
          4
        ],
        [
          61,
          2
        ],
        [
          67,
          2
        ],
        [
          71,
          4
        ],
        [
          73,
          3
        ],
        [
          79,
          1
        ],
        [
          83,
          3
        ],
        [
          89,
          2
        ],
        [
          97,
          3
        ],
        [
          101,
          4
        ],
        [
          103,
          2
        ],
        [
          107,
          2
        ],
        [
          109,
          3
        ],
        [
          113,
          3
        ],
        [
          127,
          2
        ],
        [
          131,
          3
        ],
        [
          137,
          2
        ],
        [
          139,
          1
        ],
        [
          149,
          2
        ],
        [
          151,
          1
        ],
        [
          157,
          2
        ],
        [
          163,
          3
        ],
        [
          167,
          2
        ],
        [
          173,
          1
        ],
        [
          179,
          1
        ],
        [
          193,
          3
        ],
        [
          197,
          2
        ],
        [
          199,
          2
        ],
        [
          211,
          2
        ],
        [
          223,
          3
        ],
        [
          229,
          2
        ],
        [
          239,
          1
        ],
        [
          241,
          3
        ],
        [
          251,
          2
        ],
        [
          257,
          3
        ],
        [
          263,
          2
        ],
        [
          269,
          2
        ],
        [
          277,
          3
        ],
        [
          281,
          1
        ],
        [
          307,
          1
        ],
        [
          317,
          2
        ],
        [
          331,
          2
        ],
        [
          349,
          2
        ],
        [
          359,
          1
        ],
        [
          389,
          2
        ],
        [
          421,
          1
        ]
      ],
      "support_size": 60,
      "N_digits": 255,
      "N_mod_3": 2,
      "p_integral": true,
      "p_digits": 255,
      "p_mod_8": 7,
      "sympy_isprime_p": false,
      "status": "P_COMPOSITE_OR_NOT_PROVED_BY_SYMPY",
      "gpu_score": 0.9925030341805671,
      "gpu_x2_approx": 0.8607540992817329,
      "gpu_hit_count": 53,
      "gpu_log_N": 586.6501602305229
    },
    {
      "source": "gpu_batch_3",
      "rank": 23,
      "support": [
        [
          5,
          1
        ],
        [
          7,
          4
        ],
        [
          11,
          1
        ],
        [
          13,
          2
        ],
        [
          17,
          2
        ],
        [
          19,
          1
        ],
        [
          23,
          2
        ],
        [
          29,
          3
        ],
        [
          31,
          2
        ],
        [
          37,
          1
        ],
        [
          41,
          1
        ],
        [
          43,
          1
        ],
        [
          47,
          2
        ],
        [
          53,
          3
        ],
        [
          59,
          2
        ],
        [
          61,
          4
        ],
        [
          67,
          3
        ],
        [
          71,
          2
        ],
        [
          73,
          2
        ],
        [
          79,
          1
        ],
        [
          83,
          2
        ],
        [
          89,
          1
        ],
        [
          97,
          2
        ],
        [
          101,
          3
        ],
        [
          103,
          1
        ],
        [
          107,
          2
        ],
        [
          109,
          4
        ],
        [
          113,
          3
        ],
        [
          127,
          2
        ],
        [
          131,
          4
        ],
        [
          137,
          2
        ],
        [
          149,
          2
        ],
        [
          151,
          3
        ],
        [
          157,
          3
        ],
        [
          163,
          3
        ],
        [
          167,
          3
        ],
        [
          173,
          2
        ],
        [
          179,
          1
        ],
        [
          193,
          3
        ],
        [
          197,
          3
        ],
        [
          199,
          3
        ],
        [
          211,
          2
        ],
        [
          223,
          2
        ],
        [
          229,
          2
        ],
        [
          239,
          2
        ],
        [
          241,
          2
        ],
        [
          251,
          2
        ],
        [
          257,
          2
        ],
        [
          263,
          2
        ],
        [
          269,
          1
        ],
        [
          277,
          3
        ],
        [
          281,
          2
        ],
        [
          307,
          2
        ],
        [
          317,
          2
        ],
        [
          349,
          2
        ],
        [
          353,
          1
        ],
        [
          359,
          1
        ],
        [
          367,
          1
        ],
        [
          389,
          1
        ],
        [
          397,
          1
        ]
      ],
      "support_size": 60,
      "N_digits": 252,
      "N_mod_3": 2,
      "p_integral": true,
      "p_digits": 252,
      "p_mod_8": 7,
      "sympy_isprime_p": false,
      "status": "P_COMPOSITE_OR_NOT_PROVED_BY_SYMPY",
      "gpu_score": 0.992507314916029,
      "gpu_x2_approx": 0.8612576906332502,
      "gpu_hit_count": 54,
      "gpu_log_N": 579.9404340196985
    },
    {
      "source": "gpu_batch_4",
      "rank": 24,
      "support": [
        [
          5,
          2
        ],
        [
          7,
          3
        ],
        [
          11,
          2
        ],
        [
          13,
          1
        ],
        [
          17,
          3
        ],
        [
          19,
          3
        ],
        [
          23,
          1
        ],
        [
          29,
          2
        ],
        [
          31,
          3
        ],
        [
          37,
          1
        ],
        [
          41,
          3
        ],
        [
          43,
          2
        ],
        [
          47,
          3
        ],
        [
          53,
          4
        ],
        [
          59,
          2
        ],
        [
          61,
          4
        ],
        [
          67,
          3
        ],
        [
          71,
          4
        ],
        [
          73,
          3
        ],
        [
          79,
          1
        ],
        [
          83,
          3
        ],
        [
          89,
          1
        ],
        [
          97,
          1
        ],
        [
          101,
          4
        ],
        [
          103,
          2
        ],
        [
          107,
          2
        ],
        [
          109,
          2
        ],
        [
          113,
          3
        ],
        [
          127,
          2
        ],
        [
          131,
          2
        ],
        [
          137,
          2
        ],
        [
          139,
          2
        ],
        [
          149,
          2
        ],
        [
          151,
          3
        ],
        [
          157,
          1
        ],
        [
          163,
          2
        ],
        [
          167,
          2
        ],
        [
          173,
          1
        ],
        [
          179,
          3
        ],
        [
          193,
          3
        ],
        [
          197,
          3
        ],
        [
          199,
          1
        ],
        [
          211,
          2
        ],
        [
          223,
          2
        ],
        [
          239,
          2
        ],
        [
          241,
          2
        ],
        [
          251,
          2
        ],
        [
          257,
          2
        ],
        [
          263,
          1
        ],
        [
          269,
          2
        ],
        [
          277,
          1
        ],
        [
          281,
          2
        ],
        [
          307,
          2
        ],
        [
          317,
          2
        ],
        [
          331,
          2
        ],
        [
          353,
          1
        ],
        [
          359,
          1
        ],
        [
          367,
          2
        ],
        [
          389,
          2
        ],
        [
          421,
          1
        ]
      ],
      "support_size": 60,
      "N_digits": 253,
      "N_mod_3": 2,
      "p_integral": true,
      "p_digits": 253,
      "p_mod_8": 7,
      "sympy_isprime_p": false,
      "status": "P_COMPOSITE_OR_NOT_PROVED_BY_SYMPY",
      "gpu_score": 0.9925184132014279,
      "gpu_x2_approx": 0.8609403692625246,
      "gpu_hit_count": 53,
      "gpu_log_N": 580.784079431506
    },
    {
      "source": "gpu_batch_2",
      "rank": 25,
      "support": [
        [
          5,
          1
        ],
        [
          7,
          4
        ],
        [
          11,
          2
        ],
        [
          13,
          1
        ],
        [
          17,
          2
        ],
        [
          19,
          3
        ],
        [
          23,
          1
        ],
        [
          29,
          1
        ],
        [
          31,
          2
        ],
        [
          37,
          2
        ],
        [
          41,
          2
        ],
        [
          43,
          1
        ],
        [
          47,
          4
        ],
        [
          53,
          3
        ],
        [
          59,
          4
        ],
        [
          61,
          2
        ],
        [
          67,
          3
        ],
        [
          71,
          3
        ],
        [
          73,
          2
        ],
        [
          79,
          2
        ],
        [
          83,
          3
        ],
        [
          89,
          2
        ],
        [
          97,
          3
        ],
        [
          101,
          2
        ],
        [
          103,
          2
        ],
        [
          107,
          3
        ],
        [
          109,
          3
        ],
        [
          113,
          3
        ],
        [
          127,
          2
        ],
        [
          131,
          4
        ],
        [
          137,
          2
        ],
        [
          139,
          1
        ],
        [
          149,
          2
        ],
        [
          151,
          1
        ],
        [
          157,
          3
        ],
        [
          163,
          2
        ],
        [
          167,
          2
        ],
        [
          173,
          1
        ],
        [
          179,
          1
        ],
        [
          193,
          3
        ],
        [
          197,
          3
        ],
        [
          199,
          1
        ],
        [
          211,
          1
        ],
        [
          223,
          3
        ],
        [
          229,
          2
        ],
        [
          239,
          2
        ],
        [
          241,
          3
        ],
        [
          251,
          2
        ],
        [
          257,
          2
        ],
        [
          263,
          2
        ],
        [
          269,
          1
        ],
        [
          277,
          3
        ],
        [
          281,
          3
        ],
        [
          307,
          2
        ],
        [
          331,
          2
        ],
        [
          349,
          2
        ],
        [
          353,
          2
        ],
        [
          359,
          1
        ],
        [
          367,
          2
        ],
        [
          389,
          1
        ],
        [
          397,
          1
        ]
      ],
      "support_size": 61,
      "N_digits": 263,
      "N_mod_3": 2,
      "p_integral": true,
      "p_digits": 263,
      "p_mod_8": 7,
      "sympy_isprime_p": false,
      "status": "P_COMPOSITE_OR_NOT_PROVED_BY_SYMPY",
      "gpu_score": 0.9925286785745371,
      "gpu_x2_approx": 0.8604720601146771,
      "gpu_hit_count": 53,
      "gpu_log_N": 604.8506868199876
    },
    {
      "source": "gpu_batch_6",
      "rank": 26,
      "support": [
        [
          5,
          1
        ],
        [
          7,
          4
        ],
        [
          11,
          1
        ],
        [
          13,
          1
        ],
        [
          17,
          1
        ],
        [
          19,
          3
        ],
        [
          23,
          1
        ],
        [
          29,
          3
        ],
        [
          31,
          3
        ],
        [
          37,
          1
        ],
        [
          41,
          3
        ],
        [
          43,
          2
        ],
        [
          47,
          4
        ],
        [
          53,
          4
        ],
        [
          59,
          2
        ],
        [
          61,
          2
        ],
        [
          67,
          2
        ],
        [
          71,
          4
        ],
        [
          73,
          3
        ],
        [
          79,
          3
        ],
        [
          83,
          2
        ],
        [
          89,
          1
        ],
        [
          97,
          1
        ],
        [
          101,
          3
        ],
        [
          103,
          2
        ],
        [
          107,
          3
        ],
        [
          109,
          2
        ],
        [
          113,
          2
        ],
        [
          127,
          1
        ],
        [
          131,
          2
        ],
        [
          137,
          2
        ],
        [
          139,
          2
        ],
        [
          149,
          2
        ],
        [
          151,
          2
        ],
        [
          157,
          2
        ],
        [
          163,
          4
        ],
        [
          167,
          2
        ],
        [
          173,
          2
        ],
        [
          179,
          1
        ],
        [
          193,
          3
        ],
        [
          197,
          2
        ],
        [
          199,
          3
        ],
        [
          211,
          2
        ],
        [
          223,
          1
        ],
        [
          239,
          2
        ],
        [
          241,
          3
        ],
        [
          251,
          2
        ],
        [
          257,
          2
        ],
        [
          263,
          2
        ],
        [
          269,
          2
        ],
        [
          277,
          1
        ],
        [
          281,
          2
        ],
        [
          307,
          2
        ],
        [
          317,
          1
        ],
        [
          349,
          1
        ],
        [
          359,
          2
        ],
        [
          389,
          2
        ],
        [
          397,
          1
        ],
        [
          421,
          1
        ]
      ],
      "support_size": 59,
      "N_digits": 244,
      "N_mod_3": 2,
      "p_integral": true,
      "p_digits": 244,
      "p_mod_8": 7,
      "sympy_isprime_p": false,
      "status": "P_COMPOSITE_OR_NOT_PROVED_BY_SYMPY",
      "gpu_score": 0.992598264373931,
      "gpu_x2_approx": 0.8612959031082602,
      "gpu_hit_count": 53,
      "gpu_log_N": 561.293593082349
    },
    {
      "source": "gpu_batch_5",
      "rank": 27,
      "support": [
        [
          5,
          1
        ],
        [
          7,
          4
        ],
        [
          11,
          2
        ],
        [
          13,
          2
        ],
        [
          17,
          1
        ],
        [
          19,
          1
        ],
        [
          23,
          2
        ],
        [
          29,
          3
        ],
        [
          31,
          3
        ],
        [
          37,
          2
        ],
        [
          41,
          2
        ],
        [
          43,
          1
        ],
        [
          47,
          3
        ],
        [
          53,
          2
        ],
        [
          59,
          2
        ],
        [
          61,
          3
        ],
        [
          67,
          2
        ],
        [
          71,
          4
        ],
        [
          73,
          2
        ],
        [
          79,
          3
        ],
        [
          83,
          1
        ],
        [
          89,
          1
        ],
        [
          97,
          2
        ],
        [
          101,
          2
        ],
        [
          103,
          2
        ],
        [
          107,
          2
        ],
        [
          109,
          4
        ],
        [
          113,
          2
        ],
        [
          127,
          2
        ],
        [
          131,
          3
        ],
        [
          137,
          1
        ],
        [
          139,
          2
        ],
        [
          149,
          1
        ],
        [
          151,
          2
        ],
        [
          157,
          2
        ],
        [
          163,
          4
        ],
        [
          167,
          2
        ],
        [
          173,
          2
        ],
        [
          179,
          3
        ],
        [
          193,
          2
        ],
        [
          197,
          3
        ],
        [
          199,
          3
        ],
        [
          223,
          1
        ],
        [
          229,
          1
        ],
        [
          239,
          1
        ],
        [
          241,
          2
        ],
        [
          251,
          1
        ],
        [
          257,
          3
        ],
        [
          263,
          2
        ],
        [
          269,
          2
        ],
        [
          277,
          2
        ],
        [
          281,
          1
        ],
        [
          307,
          1
        ],
        [
          317,
          2
        ],
        [
          331,
          2
        ],
        [
          349,
          2
        ],
        [
          353,
          2
        ],
        [
          359,
          2
        ],
        [
          367,
          1
        ],
        [
          389,
          2
        ],
        [
          397,
          1
        ],
        [
          421,
          2
        ]
      ],
      "support_size": 62,
      "N_digits": 254,
      "N_mod_3": 2,
      "p_integral": true,
      "p_digits": 254,
      "p_mod_8": 7,
      "sympy_isprime_p": false,
      "status": "P_COMPOSITE_OR_NOT_PROVED_BY_SYMPY",
      "gpu_score": 0.9926063754431182,
      "gpu_x2_approx": 0.8603851439820499,
      "gpu_hit_count": 53,
      "gpu_log_N": 583.060566536572
    },
    {
      "source": "gpu_batch_1",
      "rank": 28,
      "support": [
        [
          5,
          1
        ],
        [
          7,
          2
        ],
        [
          11,
          1
        ],
        [
          13,
          1
        ],
        [
          17,
          1
        ],
        [
          19,
          1
        ],
        [
          23,
          1
        ],
        [
          29,
          1
        ],
        [
          31,
          3
        ],
        [
          37,
          1
        ],
        [
          41,
          3
        ],
        [
          43,
          1
        ],
        [
          47,
          4
        ],
        [
          53,
          4
        ],
        [
          59,
          3
        ],
        [
          61,
          3
        ],
        [
          67,
          2
        ],
        [
          71,
          3
        ],
        [
          73,
          3
        ],
        [
          79,
          3
        ],
        [
          83,
          2
        ],
        [
          89,
          2
        ],
        [
          97,
          3
        ],
        [
          101,
          2
        ],
        [
          103,
          1
        ],
        [
          107,
          2
        ],
        [
          109,
          4
        ],
        [
          113,
          3
        ],
        [
          127,
          1
        ],
        [
          131,
          4
        ],
        [
          137,
          1
        ],
        [
          139,
          2
        ],
        [
          149,
          2
        ],
        [
          151,
          2
        ],
        [
          157,
          2
        ],
        [
          163,
          2
        ],
        [
          167,
          3
        ],
        [
          173,
          2
        ],
        [
          179,
          3
        ],
        [
          193,
          1
        ],
        [
          197,
          1
        ],
        [
          199,
          1
        ],
        [
          211,
          2
        ],
        [
          223,
          3
        ],
        [
          229,
          2
        ],
        [
          239,
          1
        ],
        [
          241,
          3
        ],
        [
          251,
          2
        ],
        [
          257,
          3
        ],
        [
          263,
          3
        ],
        [
          269,
          2
        ],
        [
          277,
          2
        ],
        [
          281,
          2
        ],
        [
          307,
          2
        ],
        [
          317,
          1
        ],
        [
          331,
          2
        ],
        [
          349,
          2
        ],
        [
          353,
          2
        ],
        [
          359,
          2
        ],
        [
          367,
          2
        ],
        [
          389,
          2
        ],
        [
          421,
          2
        ]
      ],
      "support_size": 62,
      "N_digits": 268,
      "N_mod_3": 2,
      "p_integral": true,
      "p_digits": 268,
      "p_mod_8": 7,
      "sympy_isprime_p": false,
      "status": "P_COMPOSITE_OR_NOT_PROVED_BY_SYMPY",
      "gpu_score": 0.992619173953396,
      "gpu_x2_approx": 0.8601394209127232,
      "gpu_hit_count": 55,
      "gpu_log_N": 616.5210196960006
    },
    {
      "source": "gpu_batch_7",
      "rank": 29,
      "support": [
        [
          5,
          2
        ],
        [
          7,
          2
        ],
        [
          11,
          2
        ],
        [
          13,
          2
        ],
        [
          17,
          1
        ],
        [
          19,
          1
        ],
        [
          23,
          2
        ],
        [
          29,
          2
        ],
        [
          31,
          3
        ],
        [
          37,
          1
        ],
        [
          41,
          2
        ],
        [
          43,
          2
        ],
        [
          47,
          2
        ],
        [
          53,
          3
        ],
        [
          59,
          2
        ],
        [
          61,
          4
        ],
        [
          67,
          1
        ],
        [
          71,
          4
        ],
        [
          73,
          3
        ],
        [
          79,
          1
        ],
        [
          83,
          2
        ],
        [
          89,
          2
        ],
        [
          97,
          3
        ],
        [
          101,
          2
        ],
        [
          103,
          2
        ],
        [
          107,
          3
        ],
        [
          109,
          3
        ],
        [
          113,
          3
        ],
        [
          127,
          2
        ],
        [
          131,
          2
        ],
        [
          137,
          2
        ],
        [
          139,
          1
        ],
        [
          149,
          1
        ],
        [
          151,
          2
        ],
        [
          157,
          2
        ],
        [
          163,
          4
        ],
        [
          167,
          3
        ],
        [
          179,
          2
        ],
        [
          193,
          3
        ],
        [
          197,
          3
        ],
        [
          199,
          2
        ],
        [
          211,
          1
        ],
        [
          223,
          2
        ],
        [
          229,
          2
        ],
        [
          239,
          2
        ],
        [
          241,
          2
        ],
        [
          251,
          2
        ],
        [
          257,
          2
        ],
        [
          263,
          2
        ],
        [
          269,
          2
        ],
        [
          277,
          3
        ],
        [
          281,
          3
        ],
        [
          307,
          1
        ],
        [
          317,
          1
        ],
        [
          349,
          2
        ],
        [
          353,
          2
        ],
        [
          359,
          2
        ],
        [
          367,
          1
        ],
        [
          397,
          2
        ],
        [
          421,
          1
        ]
      ],
      "support_size": 60,
      "N_digits": 255,
      "N_mod_3": 2,
      "p_integral": true,
      "p_digits": 255,
      "p_mod_8": 7,
      "sympy_isprime_p": false,
      "status": "P_COMPOSITE_OR_NOT_PROVED_BY_SYMPY",
      "gpu_score": 0.9926226493959337,
      "gpu_x2_approx": 0.8611212335277013,
      "gpu_hit_count": 54,
      "gpu_log_N": 585.2311617896812
    },
    {
      "source": "gpu_batch_1",
      "rank": 30,
      "support": [
        [
          5,
          2
        ],
        [
          7,
          3
        ],
        [
          11,
          2
        ],
        [
          13,
          1
        ],
        [
          17,
          3
        ],
        [
          19,
          2
        ],
        [
          23,
          2
        ],
        [
          29,
          1
        ],
        [
          31,
          2
        ],
        [
          37,
          1
        ],
        [
          41,
          2
        ],
        [
          43,
          2
        ],
        [
          47,
          2
        ],
        [
          53,
          2
        ],
        [
          59,
          2
        ],
        [
          61,
          3
        ],
        [
          67,
          1
        ],
        [
          71,
          3
        ],
        [
          73,
          2
        ],
        [
          79,
          3
        ],
        [
          83,
          3
        ],
        [
          89,
          1
        ],
        [
          97,
          3
        ],
        [
          101,
          4
        ],
        [
          103,
          1
        ],
        [
          107,
          3
        ],
        [
          109,
          2
        ],
        [
          113,
          3
        ],
        [
          127,
          2
        ],
        [
          131,
          2
        ],
        [
          137,
          2
        ],
        [
          139,
          2
        ],
        [
          149,
          2
        ],
        [
          151,
          2
        ],
        [
          157,
          2
        ],
        [
          163,
          4
        ],
        [
          167,
          2
        ],
        [
          173,
          2
        ],
        [
          179,
          3
        ],
        [
          193,
          3
        ],
        [
          197,
          2
        ],
        [
          199,
          2
        ],
        [
          211,
          2
        ],
        [
          223,
          3
        ],
        [
          229,
          1
        ],
        [
          239,
          1
        ],
        [
          241,
          3
        ],
        [
          251,
          2
        ],
        [
          257,
          2
        ],
        [
          263,
          2
        ],
        [
          269,
          2
        ],
        [
          277,
          3
        ],
        [
          281,
          2
        ],
        [
          317,
          1
        ],
        [
          331,
          1
        ],
        [
          359,
          1
        ],
        [
          367,
          1
        ],
        [
          397,
          2
        ],
        [
          421,
          2
        ]
      ],
      "support_size": 59,
      "N_digits": 248,
      "N_mod_3": 2,
      "p_integral": true,
      "p_digits": 248,
      "p_mod_8": 7,
      "sympy_isprime_p": false,
      "status": "P_COMPOSITE_OR_NOT_PROVED_BY_SYMPY",
      "gpu_score": 0.9926336142609641,
      "gpu_x2_approx": 0.861137472948643,
      "gpu_hit_count": 53,
      "gpu_log_N": 569.878643645467
    },
    {
      "source": "gpu_batch_5",
      "rank": 31,
      "support": [
        [
          5,
          1
        ],
        [
          7,
          4
        ],
        [
          11,
          1
        ],
        [
          13,
          1
        ],
        [
          17,
          3
        ],
        [
          19,
          1
        ],
        [
          23,
          2
        ],
        [
          29,
          2
        ],
        [
          31,
          3
        ],
        [
          37,
          2
        ],
        [
          41,
          1
        ],
        [
          43,
          3
        ],
        [
          47,
          4
        ],
        [
          53,
          4
        ],
        [
          59,
          2
        ],
        [
          61,
          2
        ],
        [
          67,
          1
        ],
        [
          71,
          2
        ],
        [
          73,
          2
        ],
        [
          79,
          3
        ],
        [
          83,
          1
        ],
        [
          89,
          2
        ],
        [
          97,
          1
        ],
        [
          101,
          4
        ],
        [
          103,
          2
        ],
        [
          107,
          3
        ],
        [
          109,
          4
        ],
        [
          113,
          2
        ],
        [
          127,
          2
        ],
        [
          131,
          2
        ],
        [
          137,
          1
        ],
        [
          139,
          2
        ],
        [
          149,
          2
        ],
        [
          151,
          3
        ],
        [
          157,
          1
        ],
        [
          163,
          3
        ],
        [
          167,
          3
        ],
        [
          173,
          2
        ],
        [
          179,
          2
        ],
        [
          193,
          3
        ],
        [
          197,
          2
        ],
        [
          199,
          3
        ],
        [
          211,
          2
        ],
        [
          223,
          3
        ],
        [
          229,
          1
        ],
        [
          239,
          2
        ],
        [
          241,
          2
        ],
        [
          257,
          3
        ],
        [
          263,
          2
        ],
        [
          269,
          1
        ],
        [
          277,
          1
        ],
        [
          281,
          2
        ],
        [
          307,
          2
        ],
        [
          317,
          1
        ],
        [
          331,
          1
        ],
        [
          349,
          2
        ],
        [
          353,
          1
        ],
        [
          359,
          1
        ],
        [
          367,
          1
        ],
        [
          389,
          2
        ],
        [
          421,
          2
        ]
      ],
      "support_size": 61,
      "N_digits": 252,
      "N_mod_3": 2,
      "p_integral": true,
      "p_digits": 253,
      "p_mod_8": 7,
      "sympy_isprime_p": false,
      "status": "P_COMPOSITE_OR_NOT_PROVED_BY_SYMPY",
      "gpu_score": 0.9926385739282235,
      "gpu_x2_approx": 0.8605799785963741,
      "gpu_hit_count": 52,
      "gpu_log_N": 580.1994057382493
    },
    {
      "source": "gpu_batch_9",
      "rank": 32,
      "support": [
        [
          5,
          1
        ],
        [
          7,
          4
        ],
        [
          11,
          2
        ],
        [
          13,
          2
        ],
        [
          17,
          2
        ],
        [
          19,
          2
        ],
        [
          23,
          2
        ],
        [
          29,
          2
        ],
        [
          31,
          2
        ],
        [
          37,
          2
        ],
        [
          41,
          3
        ],
        [
          43,
          2
        ],
        [
          47,
          4
        ],
        [
          53,
          2
        ],
        [
          59,
          4
        ],
        [
          61,
          4
        ],
        [
          67,
          2
        ],
        [
          71,
          2
        ],
        [
          73,
          2
        ],
        [
          79,
          3
        ],
        [
          83,
          3
        ],
        [
          89,
          2
        ],
        [
          97,
          2
        ],
        [
          101,
          2
        ],
        [
          103,
          2
        ],
        [
          107,
          3
        ],
        [
          109,
          4
        ],
        [
          113,
          2
        ],
        [
          127,
          2
        ],
        [
          131,
          4
        ],
        [
          137,
          1
        ],
        [
          139,
          1
        ],
        [
          149,
          3
        ],
        [
          151,
          3
        ],
        [
          157,
          3
        ],
        [
          163,
          3
        ],
        [
          167,
          3
        ],
        [
          173,
          2
        ],
        [
          179,
          1
        ],
        [
          193,
          3
        ],
        [
          197,
          1
        ],
        [
          199,
          3
        ],
        [
          211,
          1
        ],
        [
          223,
          2
        ],
        [
          229,
          2
        ],
        [
          239,
          2
        ],
        [
          241,
          3
        ],
        [
          251,
          2
        ],
        [
          257,
          3
        ],
        [
          263,
          2
        ],
        [
          269,
          1
        ],
        [
          277,
          2
        ],
        [
          281,
          3
        ],
        [
          307,
          2
        ],
        [
          331,
          1
        ],
        [
          349,
          2
        ],
        [
          353,
          2
        ],
        [
          359,
          1
        ],
        [
          389,
          2
        ],
        [
          421,
          1
        ]
      ],
      "support_size": 60,
      "N_digits": 271,
      "N_mod_3": 2,
      "p_integral": true,
      "p_digits": 271,
      "p_mod_8": 7,
      "sympy_isprime_p": false,
      "status": "P_COMPOSITE_OR_NOT_PROVED_BY_SYMPY",
      "gpu_score": 0.9926465644819831,
      "gpu_x2_approx": 0.8607898430653429,
      "gpu_hit_count": 53,
      "gpu_log_N": 622.4226231682555
    },
    {
      "source": "gpu_batch_1",
      "rank": 33,
      "support": [
        [
          5,
          2
        ],
        [
          7,
          4
        ],
        [
          11,
          2
        ],
        [
          13,
          2
        ],
        [
          17,
          2
        ],
        [
          19,
          2
        ],
        [
          23,
          1
        ],
        [
          29,
          2
        ],
        [
          31,
          2
        ],
        [
          37,
          1
        ],
        [
          41,
          2
        ],
        [
          43,
          1
        ],
        [
          47,
          3
        ],
        [
          53,
          4
        ],
        [
          59,
          3
        ],
        [
          61,
          4
        ],
        [
          67,
          2
        ],
        [
          71,
          4
        ],
        [
          73,
          3
        ],
        [
          79,
          2
        ],
        [
          83,
          2
        ],
        [
          89,
          2
        ],
        [
          97,
          1
        ],
        [
          101,
          2
        ],
        [
          103,
          2
        ],
        [
          107,
          2
        ],
        [
          109,
          3
        ],
        [
          113,
          3
        ],
        [
          127,
          2
        ],
        [
          131,
          3
        ],
        [
          137,
          2
        ],
        [
          139,
          1
        ],
        [
          149,
          2
        ],
        [
          151,
          2
        ],
        [
          157,
          2
        ],
        [
          163,
          2
        ],
        [
          167,
          3
        ],
        [
          173,
          2
        ],
        [
          179,
          1
        ],
        [
          193,
          2
        ],
        [
          197,
          1
        ],
        [
          199,
          2
        ],
        [
          223,
          3
        ],
        [
          229,
          2
        ],
        [
          239,
          1
        ],
        [
          241,
          3
        ],
        [
          251,
          2
        ],
        [
          257,
          2
        ],
        [
          263,
          2
        ],
        [
          269,
          1
        ],
        [
          277,
          1
        ],
        [
          281,
          3
        ],
        [
          317,
          2
        ],
        [
          331,
          1
        ],
        [
          349,
          1
        ],
        [
          353,
          2
        ],
        [
          359,
          2
        ],
        [
          367,
          1
        ],
        [
          389,
          2
        ],
        [
          397,
          2
        ]
      ],
      "support_size": 60,
      "N_digits": 248,
      "N_mod_3": 2,
      "p_integral": true,
      "p_digits": 248,
      "p_mod_8": 7,
      "sympy_isprime_p": false,
      "status": "P_COMPOSITE_OR_NOT_PROVED_BY_SYMPY",
      "gpu_score": 0.9926554472687797,
      "gpu_x2_approx": 0.8610095604127607,
      "gpu_hit_count": 53,
      "gpu_log_N": 569.2860894393568
    },
    {
      "source": "gpu_batch_2",
      "rank": 34,
      "support": [
        [
          5,
          1
        ],
        [
          7,
          2
        ],
        [
          11,
          1
        ],
        [
          13,
          1
        ],
        [
          17,
          3
        ],
        [
          19,
          2
        ],
        [
          23,
          2
        ],
        [
          29,
          2
        ],
        [
          31,
          2
        ],
        [
          37,
          1
        ],
        [
          41,
          3
        ],
        [
          43,
          2
        ],
        [
          47,
          4
        ],
        [
          53,
          4
        ],
        [
          59,
          3
        ],
        [
          61,
          4
        ],
        [
          67,
          1
        ],
        [
          71,
          3
        ],
        [
          73,
          2
        ],
        [
          79,
          2
        ],
        [
          83,
          3
        ],
        [
          89,
          1
        ],
        [
          97,
          1
        ],
        [
          101,
          2
        ],
        [
          103,
          2
        ],
        [
          107,
          2
        ],
        [
          109,
          2
        ],
        [
          113,
          3
        ],
        [
          127,
          1
        ],
        [
          131,
          2
        ],
        [
          137,
          2
        ],
        [
          139,
          2
        ],
        [
          149,
          3
        ],
        [
          151,
          2
        ],
        [
          157,
          2
        ],
        [
          163,
          4
        ],
        [
          167,
          2
        ],
        [
          179,
          1
        ],
        [
          193,
          3
        ],
        [
          197,
          1
        ],
        [
          199,
          1
        ],
        [
          211,
          2
        ],
        [
          223,
          2
        ],
        [
          229,
          1
        ],
        [
          239,
          2
        ],
        [
          241,
          2
        ],
        [
          251,
          1
        ],
        [
          257,
          2
        ],
        [
          263,
          2
        ],
        [
          269,
          1
        ],
        [
          277,
          2
        ],
        [
          281,
          3
        ],
        [
          307,
          2
        ],
        [
          317,
          1
        ],
        [
          331,
          2
        ],
        [
          349,
          1
        ],
        [
          353,
          1
        ],
        [
          359,
          2
        ],
        [
          367,
          2
        ],
        [
          389,
          2
        ],
        [
          397,
          1
        ],
        [
          421,
          2
        ]
      ],
      "support_size": 62,
      "N_digits": 249,
      "N_mod_3": 2,
      "p_integral": true,
      "p_digits": 249,
      "p_mod_8": 7,
      "sympy_isprime_p": false,
      "status": "P_COMPOSITE_OR_NOT_PROVED_BY_SYMPY",
      "gpu_score": 0.9926558087778942,
      "gpu_x2_approx": 0.8605007241504429,
      "gpu_hit_count": 53,
      "gpu_log_N": 571.1381719066054
    },
    {
      "source": "gpu_batch_6",
      "rank": 35,
      "support": [
        [
          5,
          1
        ],
        [
          7,
          3
        ],
        [
          11,
          2
        ],
        [
          13,
          1
        ],
        [
          17,
          1
        ],
        [
          19,
          2
        ],
        [
          23,
          1
        ],
        [
          29,
          1
        ],
        [
          31,
          3
        ],
        [
          37,
          2
        ],
        [
          41,
          2
        ],
        [
          43,
          1
        ],
        [
          47,
          4
        ],
        [
          53,
          3
        ],
        [
          59,
          2
        ],
        [
          61,
          3
        ],
        [
          67,
          3
        ],
        [
          71,
          2
        ],
        [
          73,
          3
        ],
        [
          79,
          2
        ],
        [
          83,
          3
        ],
        [
          89,
          2
        ],
        [
          97,
          2
        ],
        [
          101,
          3
        ],
        [
          103,
          2
        ],
        [
          107,
          2
        ],
        [
          109,
          4
        ],
        [
          113,
          2
        ],
        [
          127,
          1
        ],
        [
          131,
          2
        ],
        [
          137,
          1
        ],
        [
          139,
          2
        ],
        [
          149,
          2
        ],
        [
          151,
          1
        ],
        [
          157,
          3
        ],
        [
          163,
          3
        ],
        [
          167,
          2
        ],
        [
          173,
          2
        ],
        [
          179,
          2
        ],
        [
          193,
          2
        ],
        [
          197,
          3
        ],
        [
          199,
          2
        ],
        [
          211,
          1
        ],
        [
          223,
          2
        ],
        [
          229,
          1
        ],
        [
          239,
          2
        ],
        [
          241,
          3
        ],
        [
          251,
          2
        ],
        [
          257,
          1
        ],
        [
          263,
          3
        ],
        [
          269,
          1
        ],
        [
          277,
          2
        ],
        [
          281,
          3
        ],
        [
          307,
          2
        ],
        [
          317,
          1
        ],
        [
          331,
          2
        ],
        [
          353,
          2
        ],
        [
          359,
          1
        ],
        [
          367,
          1
        ],
        [
          389,
          2
        ],
        [
          397,
          2
        ],
        [
          421,
          2
        ]
      ],
      "support_size": 62,
      "N_digits": 256,
      "N_mod_3": 2,
      "p_integral": true,
      "p_digits": 256,
      "p_mod_8": 7,
      "sympy_isprime_p": false,
      "status": "P_COMPOSITE_OR_NOT_PROVED_BY_SYMPY",
      "gpu_score": 0.9926618918478877,
      "gpu_x2_approx": 0.8601776870191812,
      "gpu_hit_count": 53,
      "gpu_log_N": 588.4955284106321
    },
    {
      "source": "gpu_batch_4",
      "rank": 36,
      "support": [
        [
          5,
          2
        ],
        [
          7,
          3
        ],
        [
          11,
          1
        ],
        [
          13,
          1
        ],
        [
          17,
          2
        ],
        [
          19,
          2
        ],
        [
          23,
          1
        ],
        [
          29,
          1
        ],
        [
          31,
          2
        ],
        [
          37,
          2
        ],
        [
          41,
          1
        ],
        [
          43,
          3
        ],
        [
          47,
          3
        ],
        [
          53,
          4
        ],
        [
          59,
          3
        ],
        [
          61,
          3
        ],
        [
          67,
          1
        ],
        [
          71,
          4
        ],
        [
          73,
          2
        ],
        [
          79,
          3
        ],
        [
          83,
          2
        ],
        [
          89,
          1
        ],
        [
          97,
          3
        ],
        [
          101,
          3
        ],
        [
          103,
          2
        ],
        [
          107,
          3
        ],
        [
          109,
          3
        ],
        [
          113,
          2
        ],
        [
          127,
          2
        ],
        [
          131,
          2
        ],
        [
          137,
          2
        ],
        [
          139,
          2
        ],
        [
          149,
          3
        ],
        [
          151,
          2
        ],
        [
          157,
          1
        ],
        [
          163,
          3
        ],
        [
          167,
          2
        ],
        [
          173,
          2
        ],
        [
          179,
          2
        ],
        [
          193,
          1
        ],
        [
          197,
          3
        ],
        [
          199,
          2
        ],
        [
          223,
          3
        ],
        [
          229,
          2
        ],
        [
          241,
          1
        ],
        [
          251,
          2
        ],
        [
          257,
          3
        ],
        [
          263,
          2
        ],
        [
          269,
          2
        ],
        [
          277,
          2
        ],
        [
          281,
          3
        ],
        [
          307,
          2
        ],
        [
          317,
          1
        ],
        [
          349,
          2
        ],
        [
          353,
          1
        ],
        [
          359,
          1
        ],
        [
          367,
          2
        ],
        [
          389,
          1
        ],
        [
          397,
          2
        ],
        [
          421,
          1
        ]
      ],
      "support_size": 60,
      "N_digits": 252,
      "N_mod_3": 2,
      "p_integral": true,
      "p_digits": 252,
      "p_mod_8": 7,
      "sympy_isprime_p": false,
      "status": "P_COMPOSITE_OR_NOT_PROVED_BY_SYMPY",
      "gpu_score": 0.9926722128852493,
      "gpu_x2_approx": 0.8611848530083522,
      "gpu_hit_count": 53,
      "gpu_log_N": 578.1925102409216
    },
    {
      "source": "gpu_batch_3",
      "rank": 37,
      "support": [
        [
          5,
          2
        ],
        [
          7,
          4
        ],
        [
          11,
          1
        ],
        [
          13,
          2
        ],
        [
          17,
          2
        ],
        [
          19,
          2
        ],
        [
          23,
          2
        ],
        [
          29,
          3
        ],
        [
          31,
          3
        ],
        [
          37,
          1
        ],
        [
          41,
          2
        ],
        [
          43,
          3
        ],
        [
          47,
          2
        ],
        [
          53,
          3
        ],
        [
          59,
          4
        ],
        [
          61,
          3
        ],
        [
          67,
          3
        ],
        [
          71,
          2
        ],
        [
          73,
          2
        ],
        [
          79,
          3
        ],
        [
          83,
          1
        ],
        [
          89,
          1
        ],
        [
          97,
          2
        ],
        [
          101,
          3
        ],
        [
          103,
          2
        ],
        [
          107,
          2
        ],
        [
          109,
          3
        ],
        [
          113,
          1
        ],
        [
          127,
          2
        ],
        [
          131,
          2
        ],
        [
          137,
          2
        ],
        [
          139,
          2
        ],
        [
          149,
          2
        ],
        [
          151,
          2
        ],
        [
          157,
          1
        ],
        [
          163,
          4
        ],
        [
          167,
          3
        ],
        [
          173,
          1
        ],
        [
          179,
          2
        ],
        [
          193,
          3
        ],
        [
          197,
          2
        ],
        [
          199,
          3
        ],
        [
          211,
          2
        ],
        [
          223,
          2
        ],
        [
          229,
          2
        ],
        [
          239,
          2
        ],
        [
          241,
          3
        ],
        [
          251,
          1
        ],
        [
          257,
          1
        ],
        [
          263,
          3
        ],
        [
          277,
          2
        ],
        [
          281,
          3
        ],
        [
          307,
          2
        ],
        [
          317,
          2
        ],
        [
          331,
          1
        ],
        [
          353,
          2
        ],
        [
          367,
          1
        ],
        [
          389,
          2
        ],
        [
          397,
          2
        ],
        [
          421,
          2
        ]
      ],
      "support_size": 60,
      "N_digits": 259,
      "N_mod_3": 2,
      "p_integral": true,
      "p_digits": 259,
      "p_mod_8": 7,
      "sympy_isprime_p": false,
      "status": "P_COMPOSITE_OR_NOT_PROVED_BY_SYMPY",
      "gpu_score": 0.9926905643193348,
      "gpu_x2_approx": 0.8608977050480421,
      "gpu_hit_count": 54,
      "gpu_log_N": 595.3605036752599
    },
    {
      "source": "gpu_batch_5",
      "rank": 38,
      "support": [
        [
          5,
          2
        ],
        [
          7,
          3
        ],
        [
          11,
          1
        ],
        [
          13,
          2
        ],
        [
          17,
          2
        ],
        [
          19,
          2
        ],
        [
          23,
          2
        ],
        [
          29,
          1
        ],
        [
          31,
          2
        ],
        [
          37,
          1
        ],
        [
          41,
          2
        ],
        [
          43,
          3
        ],
        [
          47,
          4
        ],
        [
          53,
          3
        ],
        [
          59,
          2
        ],
        [
          61,
          4
        ],
        [
          67,
          3
        ],
        [
          71,
          3
        ],
        [
          73,
          2
        ],
        [
          79,
          2
        ],
        [
          83,
          3
        ],
        [
          89,
          2
        ],
        [
          97,
          2
        ],
        [
          101,
          3
        ],
        [
          103,
          2
        ],
        [
          107,
          3
        ],
        [
          109,
          2
        ],
        [
          113,
          3
        ],
        [
          127,
          2
        ],
        [
          131,
          3
        ],
        [
          137,
          2
        ],
        [
          139,
          2
        ],
        [
          149,
          2
        ],
        [
          151,
          1
        ],
        [
          157,
          3
        ],
        [
          163,
          4
        ],
        [
          167,
          3
        ],
        [
          173,
          2
        ],
        [
          179,
          2
        ],
        [
          193,
          2
        ],
        [
          197,
          1
        ],
        [
          199,
          3
        ],
        [
          211,
          2
        ],
        [
          223,
          3
        ],
        [
          229,
          2
        ],
        [
          241,
          3
        ],
        [
          251,
          2
        ],
        [
          257,
          3
        ],
        [
          263,
          1
        ],
        [
          269,
          1
        ],
        [
          277,
          3
        ],
        [
          281,
          1
        ],
        [
          307,
          2
        ],
        [
          317,
          1
        ],
        [
          331,
          1
        ],
        [
          349,
          1
        ],
        [
          359,
          1
        ],
        [
          367,
          1
        ],
        [
          389,
          2
        ],
        [
          397,
          2
        ]
      ],
      "support_size": 60,
      "N_digits": 259,
      "N_mod_3": 2,
      "p_integral": true,
      "p_digits": 260,
      "p_mod_8": 7,
      "sympy_isprime_p": false,
      "status": "P_COMPOSITE_OR_NOT_PROVED_BY_SYMPY",
      "gpu_score": 0.9927820971780189,
      "gpu_x2_approx": 0.8609004374230188,
      "gpu_hit_count": 52,
      "gpu_log_N": 596.1725738298908
    },
    {
      "source": "gpu_batch_2",
      "rank": 39,
      "support": [
        [
          5,
          2
        ],
        [
          7,
          4
        ],
        [
          11,
          1
        ],
        [
          13,
          2
        ],
        [
          17,
          3
        ],
        [
          19,
          3
        ],
        [
          23,
          1
        ],
        [
          29,
          1
        ],
        [
          31,
          2
        ],
        [
          37,
          1
        ],
        [
          41,
          1
        ],
        [
          43,
          2
        ],
        [
          47,
          3
        ],
        [
          53,
          3
        ],
        [
          59,
          2
        ],
        [
          61,
          4
        ],
        [
          67,
          1
        ],
        [
          71,
          3
        ],
        [
          73,
          2
        ],
        [
          79,
          1
        ],
        [
          83,
          2
        ],
        [
          89,
          2
        ],
        [
          97,
          1
        ],
        [
          101,
          3
        ],
        [
          103,
          2
        ],
        [
          107,
          3
        ],
        [
          109,
          3
        ],
        [
          113,
          3
        ],
        [
          127,
          2
        ],
        [
          131,
          4
        ],
        [
          137,
          2
        ],
        [
          139,
          2
        ],
        [
          149,
          3
        ],
        [
          151,
          2
        ],
        [
          157,
          2
        ],
        [
          163,
          4
        ],
        [
          167,
          1
        ],
        [
          179,
          1
        ],
        [
          193,
          2
        ],
        [
          197,
          3
        ],
        [
          199,
          3
        ],
        [
          223,
          1
        ],
        [
          229,
          2
        ],
        [
          239,
          2
        ],
        [
          241,
          2
        ],
        [
          251,
          1
        ],
        [
          257,
          1
        ],
        [
          263,
          2
        ],
        [
          269,
          1
        ],
        [
          277,
          3
        ],
        [
          281,
          3
        ],
        [
          307,
          2
        ],
        [
          317,
          1
        ],
        [
          331,
          2
        ],
        [
          349,
          2
        ],
        [
          353,
          2
        ],
        [
          359,
          2
        ],
        [
          389,
          1
        ],
        [
          397,
          2
        ],
        [
          421,
          2
        ]
      ],
      "support_size": 60,
      "N_digits": 253,
      "N_mod_3": 2,
      "p_integral": true,
      "p_digits": 253,
      "p_mod_8": 7,
      "sympy_isprime_p": false,
      "status": "P_COMPOSITE_OR_NOT_PROVED_BY_SYMPY",
      "gpu_score": 0.9927971617786213,
      "gpu_x2_approx": 0.8613302703101463,
      "gpu_hit_count": 54,
      "gpu_log_N": 580.6964159032805
    },
    {
      "source": "gpu_batch_3",
      "rank": 40,
      "support": [
        [
          5,
          1
        ],
        [
          7,
          4
        ],
        [
          11,
          1
        ],
        [
          13,
          2
        ],
        [
          17,
          2
        ],
        [
          19,
          3
        ],
        [
          23,
          1
        ],
        [
          29,
          1
        ],
        [
          31,
          2
        ],
        [
          37,
          2
        ],
        [
          41,
          3
        ],
        [
          43,
          3
        ],
        [
          47,
          3
        ],
        [
          53,
          4
        ],
        [
          59,
          2
        ],
        [
          61,
          3
        ],
        [
          67,
          2
        ],
        [
          71,
          2
        ],
        [
          73,
          3
        ],
        [
          79,
          2
        ],
        [
          83,
          3
        ],
        [
          89,
          2
        ],
        [
          97,
          1
        ],
        [
          101,
          3
        ],
        [
          103,
          2
        ],
        [
          107,
          3
        ],
        [
          109,
          2
        ],
        [
          113,
          2
        ],
        [
          127,
          2
        ],
        [
          131,
          3
        ],
        [
          137,
          2
        ],
        [
          139,
          2
        ],
        [
          149,
          1
        ],
        [
          151,
          2
        ],
        [
          157,
          3
        ],
        [
          163,
          3
        ],
        [
          167,
          1
        ],
        [
          173,
          2
        ],
        [
          179,
          2
        ],
        [
          193,
          1
        ],
        [
          197,
          3
        ],
        [
          199,
          3
        ],
        [
          223,
          2
        ],
        [
          229,
          1
        ],
        [
          239,
          2
        ],
        [
          241,
          2
        ],
        [
          251,
          1
        ],
        [
          257,
          3
        ],
        [
          263,
          2
        ],
        [
          269,
          2
        ],
        [
          277,
          3
        ],
        [
          281,
          2
        ],
        [
          307,
          1
        ],
        [
          331,
          1
        ],
        [
          349,
          2
        ],
        [
          353,
          2
        ],
        [
          367,
          1
        ],
        [
          389,
          2
        ],
        [
          397,
          2
        ],
        [
          421,
          2
        ]
      ],
      "support_size": 60,
      "N_digits": 254,
      "N_mod_3": 2,
      "p_integral": true,
      "p_digits": 254,
      "p_mod_8": 7,
      "sympy_isprime_p": false,
      "status": "P_COMPOSITE_OR_NOT_PROVED_BY_SYMPY",
      "gpu_score": 0.9928053391815794,
      "gpu_x2_approx": 0.8610437782033558,
      "gpu_hit_count": 54,
      "gpu_log_N": 583.6675414419358
    },
    {
      "source": "gpu_batch_0",
      "rank": 41,
      "support": [
        [
          5,
          2
        ],
        [
          7,
          2
        ],
        [
          11,
          2
        ],
        [
          13,
          2
        ],
        [
          17,
          2
        ],
        [
          19,
          2
        ],
        [
          23,
          2
        ],
        [
          29,
          1
        ],
        [
          31,
          3
        ],
        [
          37,
          2
        ],
        [
          41,
          1
        ],
        [
          43,
          2
        ],
        [
          47,
          4
        ],
        [
          53,
          2
        ],
        [
          59,
          2
        ],
        [
          61,
          4
        ],
        [
          67,
          2
        ],
        [
          71,
          2
        ],
        [
          73,
          3
        ],
        [
          79,
          1
        ],
        [
          83,
          1
        ],
        [
          89,
          1
        ],
        [
          97,
          1
        ],
        [
          101,
          4
        ],
        [
          103,
          1
        ],
        [
          107,
          1
        ],
        [
          109,
          4
        ],
        [
          113,
          3
        ],
        [
          127,
          2
        ],
        [
          131,
          3
        ],
        [
          137,
          2
        ],
        [
          139,
          1
        ],
        [
          149,
          3
        ],
        [
          151,
          3
        ],
        [
          157,
          3
        ],
        [
          163,
          2
        ],
        [
          167,
          3
        ],
        [
          173,
          2
        ],
        [
          179,
          1
        ],
        [
          193,
          2
        ],
        [
          197,
          3
        ],
        [
          199,
          1
        ],
        [
          211,
          2
        ],
        [
          223,
          1
        ],
        [
          229,
          2
        ],
        [
          239,
          2
        ],
        [
          241,
          2
        ],
        [
          251,
          2
        ],
        [
          257,
          2
        ],
        [
          263,
          2
        ],
        [
          269,
          1
        ],
        [
          277,
          3
        ],
        [
          281,
          3
        ],
        [
          307,
          1
        ],
        [
          317,
          2
        ],
        [
          349,
          1
        ],
        [
          353,
          2
        ],
        [
          359,
          2
        ],
        [
          367,
          2
        ],
        [
          389,
          2
        ],
        [
          397,
          2
        ],
        [
          421,
          1
        ]
      ],
      "support_size": 62,
      "N_digits": 257,
      "N_mod_3": 2,
      "p_integral": true,
      "p_digits": 257,
      "p_mod_8": 7,
      "sympy_isprime_p": false,
      "status": "P_COMPOSITE_OR_NOT_PROVED_BY_SYMPY",
      "gpu_score": 0.992812457415751,
      "gpu_x2_approx": 0.8601949067670873,
      "gpu_hit_count": 54,
      "gpu_log_N": 590.2511465228041
    },
    {
      "source": "gpu_batch_1",
      "rank": 42,
      "support": [
        [
          5,
          1
        ],
        [
          7,
          4
        ],
        [
          11,
          2
        ],
        [
          13,
          1
        ],
        [
          17,
          1
        ],
        [
          19,
          2
        ],
        [
          23,
          2
        ],
        [
          29,
          1
        ],
        [
          31,
          3
        ],
        [
          37,
          2
        ],
        [
          41,
          2
        ],
        [
          43,
          3
        ],
        [
          47,
          3
        ],
        [
          53,
          3
        ],
        [
          59,
          2
        ],
        [
          61,
          3
        ],
        [
          67,
          3
        ],
        [
          71,
          4
        ],
        [
          73,
          2
        ],
        [
          79,
          1
        ],
        [
          83,
          2
        ],
        [
          89,
          2
        ],
        [
          97,
          3
        ],
        [
          101,
          4
        ],
        [
          103,
          2
        ],
        [
          107,
          3
        ],
        [
          109,
          3
        ],
        [
          113,
          3
        ],
        [
          127,
          2
        ],
        [
          131,
          2
        ],
        [
          137,
          2
        ],
        [
          139,
          2
        ],
        [
          149,
          3
        ],
        [
          151,
          2
        ],
        [
          157,
          3
        ],
        [
          163,
          2
        ],
        [
          167,
          2
        ],
        [
          173,
          2
        ],
        [
          179,
          1
        ],
        [
          193,
          3
        ],
        [
          197,
          2
        ],
        [
          199,
          3
        ],
        [
          223,
          3
        ],
        [
          229,
          1
        ],
        [
          241,
          1
        ],
        [
          251,
          2
        ],
        [
          257,
          2
        ],
        [
          263,
          1
        ],
        [
          269,
          2
        ],
        [
          277,
          2
        ],
        [
          281,
          2
        ],
        [
          317,
          2
        ],
        [
          331,
          2
        ],
        [
          349,
          2
        ],
        [
          353,
          1
        ],
        [
          359,
          2
        ],
        [
          397,
          1
        ],
        [
          421,
          1
        ]
      ],
      "support_size": 58,
      "N_digits": 248,
      "N_mod_3": 2,
      "p_integral": true,
      "p_digits": 248,
      "p_mod_8": 7,
      "sympy_isprime_p": false,
      "status": "P_COMPOSITE_OR_NOT_PROVED_BY_SYMPY",
      "gpu_score": 0.9928771742840691,
      "gpu_x2_approx": 0.8618024642367283,
      "gpu_hit_count": 53,
      "gpu_log_N": 570.0385791604942
    },
    {
      "source": "gpu_batch_9",
      "rank": 43,
      "support": [
        [
          5,
          2
        ],
        [
          7,
          4
        ],
        [
          11,
          2
        ],
        [
          13,
          1
        ],
        [
          17,
          1
        ],
        [
          19,
          3
        ],
        [
          23,
          1
        ],
        [
          29,
          2
        ],
        [
          31,
          3
        ],
        [
          37,
          2
        ],
        [
          41,
          3
        ],
        [
          43,
          1
        ],
        [
          47,
          3
        ],
        [
          53,
          2
        ],
        [
          59,
          2
        ],
        [
          61,
          3
        ],
        [
          67,
          1
        ],
        [
          71,
          2
        ],
        [
          73,
          2
        ],
        [
          79,
          3
        ],
        [
          83,
          3
        ],
        [
          89,
          1
        ],
        [
          97,
          3
        ],
        [
          101,
          3
        ],
        [
          103,
          1
        ],
        [
          107,
          2
        ],
        [
          109,
          2
        ],
        [
          113,
          2
        ],
        [
          127,
          2
        ],
        [
          131,
          3
        ],
        [
          137,
          2
        ],
        [
          149,
          1
        ],
        [
          151,
          2
        ],
        [
          157,
          2
        ],
        [
          163,
          2
        ],
        [
          167,
          3
        ],
        [
          173,
          2
        ],
        [
          179,
          2
        ],
        [
          193,
          2
        ],
        [
          197,
          3
        ],
        [
          199,
          1
        ],
        [
          211,
          2
        ],
        [
          223,
          2
        ],
        [
          239,
          2
        ],
        [
          241,
          3
        ],
        [
          251,
          2
        ],
        [
          257,
          3
        ],
        [
          263,
          3
        ],
        [
          269,
          2
        ],
        [
          277,
          3
        ],
        [
          281,
          2
        ],
        [
          307,
          2
        ],
        [
          317,
          2
        ],
        [
          331,
          2
        ],
        [
          353,
          2
        ],
        [
          359,
          2
        ],
        [
          367,
          2
        ],
        [
          389,
          2
        ],
        [
          397,
          1
        ],
        [
          421,
          1
        ]
      ],
      "support_size": 60,
      "N_digits": 256,
      "N_mod_3": 2,
      "p_integral": true,
      "p_digits": 256,
      "p_mod_8": 7,
      "sympy_isprime_p": false,
      "status": "P_COMPOSITE_OR_NOT_PROVED_BY_SYMPY",
      "gpu_score": 0.992919562945929,
      "gpu_x2_approx": 0.8614628132312343,
      "gpu_hit_count": 56,
      "gpu_log_N": 588.570120255188
    },
    {
      "source": "gpu_batch_2",
      "rank": 44,
      "support": [
        [
          5,
          1
        ],
        [
          7,
          2
        ],
        [
          11,
          2
        ],
        [
          13,
          1
        ],
        [
          17,
          1
        ],
        [
          19,
          3
        ],
        [
          23,
          1
        ],
        [
          29,
          1
        ],
        [
          31,
          3
        ],
        [
          37,
          1
        ],
        [
          41,
          3
        ],
        [
          43,
          1
        ],
        [
          47,
          3
        ],
        [
          53,
          3
        ],
        [
          59,
          3
        ],
        [
          61,
          3
        ],
        [
          67,
          1
        ],
        [
          71,
          3
        ],
        [
          73,
          2
        ],
        [
          79,
          3
        ],
        [
          83,
          1
        ],
        [
          89,
          1
        ],
        [
          97,
          3
        ],
        [
          101,
          4
        ],
        [
          103,
          2
        ],
        [
          107,
          2
        ],
        [
          109,
          2
        ],
        [
          113,
          2
        ],
        [
          127,
          1
        ],
        [
          131,
          4
        ],
        [
          137,
          2
        ],
        [
          139,
          2
        ],
        [
          149,
          1
        ],
        [
          151,
          3
        ],
        [
          157,
          2
        ],
        [
          163,
          4
        ],
        [
          167,
          3
        ],
        [
          173,
          2
        ],
        [
          179,
          3
        ],
        [
          193,
          3
        ],
        [
          197,
          2
        ],
        [
          199,
          2
        ],
        [
          211,
          2
        ],
        [
          223,
          2
        ],
        [
          229,
          1
        ],
        [
          239,
          2
        ],
        [
          241,
          2
        ],
        [
          251,
          1
        ],
        [
          257,
          2
        ],
        [
          263,
          3
        ],
        [
          269,
          1
        ],
        [
          277,
          2
        ],
        [
          281,
          1
        ],
        [
          307,
          1
        ],
        [
          317,
          1
        ],
        [
          331,
          2
        ],
        [
          349,
          1
        ],
        [
          353,
          2
        ],
        [
          359,
          1
        ],
        [
          367,
          1
        ],
        [
          389,
          1
        ],
        [
          421,
          1
        ]
      ],
      "support_size": 62,
      "N_digits": 247,
      "N_mod_3": 2,
      "p_integral": true,
      "p_digits": 247,
      "p_mod_8": 7,
      "sympy_isprime_p": false,
      "status": "P_COMPOSITE_OR_NOT_PROVED_BY_SYMPY",
      "gpu_score": 0.9929371421195158,
      "gpu_x2_approx": 0.8601394209127232,
      "gpu_hit_count": 50,
      "gpu_log_N": 567.0286762889571
    },
    {
      "source": "gpu_batch_8",
      "rank": 45,
      "support": [
        [
          5,
          2
        ],
        [
          7,
          2
        ],
        [
          11,
          2
        ],
        [
          13,
          2
        ],
        [
          17,
          1
        ],
        [
          19,
          3
        ],
        [
          23,
          1
        ],
        [
          29,
          2
        ],
        [
          31,
          3
        ],
        [
          37,
          1
        ],
        [
          41,
          3
        ],
        [
          43,
          3
        ],
        [
          47,
          3
        ],
        [
          53,
          4
        ],
        [
          59,
          2
        ],
        [
          61,
          2
        ],
        [
          67,
          1
        ],
        [
          71,
          4
        ],
        [
          73,
          2
        ],
        [
          79,
          2
        ],
        [
          83,
          3
        ],
        [
          89,
          2
        ],
        [
          97,
          3
        ],
        [
          101,
          3
        ],
        [
          103,
          2
        ],
        [
          107,
          3
        ],
        [
          109,
          4
        ],
        [
          113,
          3
        ],
        [
          127,
          2
        ],
        [
          131,
          4
        ],
        [
          137,
          1
        ],
        [
          139,
          1
        ],
        [
          149,
          3
        ],
        [
          151,
          1
        ],
        [
          157,
          2
        ],
        [
          163,
          3
        ],
        [
          167,
          3
        ],
        [
          173,
          1
        ],
        [
          179,
          3
        ],
        [
          193,
          3
        ],
        [
          197,
          2
        ],
        [
          199,
          3
        ],
        [
          211,
          2
        ],
        [
          223,
          3
        ],
        [
          229,
          1
        ],
        [
          239,
          2
        ],
        [
          241,
          2
        ],
        [
          251,
          2
        ],
        [
          257,
          2
        ],
        [
          263,
          3
        ],
        [
          269,
          2
        ],
        [
          277,
          2
        ],
        [
          281,
          1
        ],
        [
          307,
          1
        ],
        [
          317,
          1
        ],
        [
          349,
          2
        ],
        [
          353,
          2
        ],
        [
          359,
          1
        ],
        [
          367,
          1
        ],
        [
          389,
          2
        ],
        [
          397,
          2
        ],
        [
          421,
          1
        ]
      ],
      "support_size": 62,
      "N_digits": 271,
      "N_mod_3": 2,
      "p_integral": true,
      "p_digits": 272,
      "p_mod_8": 7,
      "sympy_isprime_p": false,
      "status": "P_COMPOSITE_OR_NOT_PROVED_BY_SYMPY",
      "gpu_score": 0.9929603656828385,
      "gpu_x2_approx": 0.8601949067670873,
      "gpu_hit_count": 52,
      "gpu_log_N": 623.980933098206
    },
    {
      "source": "gpu_batch_8",
      "rank": 46,
      "support": [
        [
          5,
          1
        ],
        [
          7,
          4
        ],
        [
          11,
          1
        ],
        [
          13,
          1
        ],
        [
          17,
          2
        ],
        [
          19,
          3
        ],
        [
          23,
          1
        ],
        [
          29,
          3
        ],
        [
          31,
          2
        ],
        [
          37,
          2
        ],
        [
          41,
          1
        ],
        [
          43,
          2
        ],
        [
          47,
          3
        ],
        [
          53,
          3
        ],
        [
          59,
          2
        ],
        [
          61,
          4
        ],
        [
          67,
          3
        ],
        [
          71,
          3
        ],
        [
          73,
          3
        ],
        [
          79,
          3
        ],
        [
          83,
          3
        ],
        [
          89,
          1
        ],
        [
          97,
          2
        ],
        [
          101,
          2
        ],
        [
          103,
          2
        ],
        [
          107,
          2
        ],
        [
          109,
          3
        ],
        [
          113,
          2
        ],
        [
          127,
          2
        ],
        [
          131,
          2
        ],
        [
          137,
          2
        ],
        [
          139,
          1
        ],
        [
          149,
          2
        ],
        [
          151,
          1
        ],
        [
          157,
          3
        ],
        [
          163,
          2
        ],
        [
          167,
          2
        ],
        [
          173,
          2
        ],
        [
          179,
          3
        ],
        [
          193,
          3
        ],
        [
          197,
          2
        ],
        [
          199,
          2
        ],
        [
          211,
          1
        ],
        [
          223,
          2
        ],
        [
          239,
          2
        ],
        [
          241,
          1
        ],
        [
          251,
          2
        ],
        [
          257,
          1
        ],
        [
          263,
          3
        ],
        [
          269,
          2
        ],
        [
          277,
          1
        ],
        [
          281,
          1
        ],
        [
          307,
          2
        ],
        [
          317,
          2
        ],
        [
          331,
          2
        ],
        [
          353,
          2
        ],
        [
          359,
          2
        ],
        [
          367,
          2
        ],
        [
          389,
          1
        ],
        [
          397,
          2
        ]
      ],
      "support_size": 60,
      "N_digits": 248,
      "N_mod_3": 2,
      "p_integral": true,
      "p_digits": 248,
      "p_mod_8": 7,
      "sympy_isprime_p": false,
      "status": "P_COMPOSITE_OR_NOT_PROVED_BY_SYMPY",
      "gpu_score": 0.9929782966938369,
      "gpu_x2_approx": 0.8609244008754411,
      "gpu_hit_count": 53,
      "gpu_log_N": 568.9594031457632
    },
    {
      "source": "gpu_batch_7",
      "rank": 47,
      "support": [
        [
          5,
          2
        ],
        [
          7,
          2
        ],
        [
          11,
          2
        ],
        [
          13,
          1
        ],
        [
          17,
          1
        ],
        [
          19,
          2
        ],
        [
          23,
          1
        ],
        [
          29,
          1
        ],
        [
          31,
          3
        ],
        [
          37,
          1
        ],
        [
          41,
          1
        ],
        [
          43,
          2
        ],
        [
          47,
          4
        ],
        [
          53,
          2
        ],
        [
          59,
          4
        ],
        [
          61,
          4
        ],
        [
          67,
          1
        ],
        [
          71,
          2
        ],
        [
          73,
          2
        ],
        [
          79,
          2
        ],
        [
          83,
          3
        ],
        [
          89,
          1
        ],
        [
          97,
          3
        ],
        [
          101,
          2
        ],
        [
          103,
          2
        ],
        [
          107,
          3
        ],
        [
          109,
          2
        ],
        [
          113,
          2
        ],
        [
          127,
          2
        ],
        [
          131,
          2
        ],
        [
          137,
          2
        ],
        [
          139,
          1
        ],
        [
          149,
          2
        ],
        [
          151,
          3
        ],
        [
          157,
          1
        ],
        [
          163,
          2
        ],
        [
          167,
          3
        ],
        [
          173,
          1
        ],
        [
          179,
          1
        ],
        [
          193,
          3
        ],
        [
          197,
          3
        ],
        [
          199,
          2
        ],
        [
          211,
          2
        ],
        [
          223,
          2
        ],
        [
          229,
          2
        ],
        [
          239,
          2
        ],
        [
          241,
          1
        ],
        [
          251,
          2
        ],
        [
          257,
          3
        ],
        [
          263,
          3
        ],
        [
          269,
          2
        ],
        [
          277,
          2
        ],
        [
          281,
          3
        ],
        [
          349,
          2
        ],
        [
          359,
          2
        ],
        [
          389,
          1
        ],
        [
          397,
          2
        ],
        [
          421,
          2
        ]
      ],
      "support_size": 58,
      "N_digits": 240,
      "N_mod_3": 2,
      "p_integral": true,
      "p_digits": 241,
      "p_mod_8": 7,
      "sympy_isprime_p": false,
      "status": "P_COMPOSITE_OR_NOT_PROVED_BY_SYMPY",
      "gpu_score": 0.9930238438801864,
      "gpu_x2_approx": 0.8615238288225121,
      "gpu_hit_count": 54,
      "gpu_log_N": 552.3342889000464
    },
    {
      "source": "gpu_batch_2",
      "rank": 48,
      "support": [
        [
          5,
          1
        ],
        [
          7,
          3
        ],
        [
          11,
          1
        ],
        [
          13,
          1
        ],
        [
          17,
          3
        ],
        [
          19,
          1
        ],
        [
          23,
          2
        ],
        [
          29,
          1
        ],
        [
          31,
          2
        ],
        [
          37,
          2
        ],
        [
          41,
          1
        ],
        [
          43,
          2
        ],
        [
          47,
          2
        ],
        [
          53,
          4
        ],
        [
          59,
          4
        ],
        [
          61,
          4
        ],
        [
          67,
          3
        ],
        [
          71,
          4
        ],
        [
          73,
          2
        ],
        [
          79,
          3
        ],
        [
          83,
          2
        ],
        [
          89,
          2
        ],
        [
          97,
          1
        ],
        [
          101,
          4
        ],
        [
          103,
          2
        ],
        [
          107,
          2
        ],
        [
          109,
          4
        ],
        [
          113,
          1
        ],
        [
          127,
          1
        ],
        [
          131,
          3
        ],
        [
          137,
          2
        ],
        [
          139,
          2
        ],
        [
          149,
          2
        ],
        [
          151,
          2
        ],
        [
          157,
          3
        ],
        [
          163,
          3
        ],
        [
          167,
          1
        ],
        [
          173,
          2
        ],
        [
          179,
          3
        ],
        [
          193,
          3
        ],
        [
          197,
          2
        ],
        [
          199,
          3
        ],
        [
          211,
          1
        ],
        [
          223,
          3
        ],
        [
          229,
          2
        ],
        [
          239,
          2
        ],
        [
          241,
          3
        ],
        [
          251,
          2
        ],
        [
          257,
          2
        ],
        [
          263,
          2
        ],
        [
          269,
          2
        ],
        [
          277,
          2
        ],
        [
          281,
          3
        ],
        [
          317,
          1
        ],
        [
          331,
          1
        ],
        [
          349,
          2
        ],
        [
          359,
          1
        ],
        [
          367,
          2
        ],
        [
          389,
          1
        ],
        [
          397,
          2
        ]
      ],
      "support_size": 60,
      "N_digits": 263,
      "N_mod_3": 2,
      "p_integral": true,
      "p_digits": 263,
      "p_mod_8": 7,
      "sympy_isprime_p": false,
      "status": "P_COMPOSITE_OR_NOT_PROVED_BY_SYMPY",
      "gpu_score": 0.9930332843750953,
      "gpu_x2_approx": 0.8607973221859914,
      "gpu_hit_count": 53,
      "gpu_log_N": 603.7483099151115
    },
    {
      "source": "gpu_batch_5",
      "rank": 49,
      "support": [
        [
          5,
          2
        ],
        [
          7,
          4
        ],
        [
          11,
          1
        ],
        [
          13,
          1
        ],
        [
          17,
          2
        ],
        [
          19,
          2
        ],
        [
          23,
          1
        ],
        [
          29,
          3
        ],
        [
          31,
          3
        ],
        [
          37,
          2
        ],
        [
          41,
          2
        ],
        [
          43,
          2
        ],
        [
          47,
          4
        ],
        [
          53,
          4
        ],
        [
          59,
          4
        ],
        [
          61,
          4
        ],
        [
          67,
          2
        ],
        [
          71,
          4
        ],
        [
          73,
          2
        ],
        [
          79,
          2
        ],
        [
          83,
          1
        ],
        [
          89,
          2
        ],
        [
          97,
          2
        ],
        [
          101,
          4
        ],
        [
          103,
          2
        ],
        [
          107,
          1
        ],
        [
          109,
          2
        ],
        [
          113,
          2
        ],
        [
          127,
          2
        ],
        [
          131,
          2
        ],
        [
          139,
          2
        ],
        [
          149,
          3
        ],
        [
          151,
          3
        ],
        [
          157,
          3
        ],
        [
          163,
          3
        ],
        [
          167,
          3
        ],
        [
          173,
          2
        ],
        [
          179,
          3
        ],
        [
          193,
          2
        ],
        [
          197,
          3
        ],
        [
          199,
          2
        ],
        [
          211,
          2
        ],
        [
          223,
          1
        ],
        [
          229,
          2
        ],
        [
          239,
          2
        ],
        [
          241,
          3
        ],
        [
          251,
          1
        ],
        [
          257,
          1
        ],
        [
          263,
          3
        ],
        [
          269,
          2
        ],
        [
          277,
          2
        ],
        [
          281,
          1
        ],
        [
          307,
          2
        ],
        [
          331,
          2
        ],
        [
          349,
          2
        ],
        [
          353,
          2
        ],
        [
          359,
          2
        ],
        [
          367,
          2
        ],
        [
          397,
          1
        ],
        [
          421,
          1
        ]
      ],
      "support_size": 60,
      "N_digits": 267,
      "N_mod_3": 2,
      "p_integral": true,
      "p_digits": 267,
      "p_mod_8": 7,
      "sympy_isprime_p": false,
      "status": "P_COMPOSITE_OR_NOT_PROVED_BY_SYMPY",
      "gpu_score": 0.9930555281146716,
      "gpu_x2_approx": 0.8613061553658099,
      "gpu_hit_count": 54,
      "gpu_log_N": 614.195597111754
    },
    {
      "source": "gpu_batch_1",
      "rank": 50,
      "support": [
        [
          5,
          2
        ],
        [
          7,
          4
        ],
        [
          11,
          1
        ],
        [
          13,
          1
        ],
        [
          17,
          3
        ],
        [
          19,
          3
        ],
        [
          23,
          1
        ],
        [
          29,
          2
        ],
        [
          31,
          2
        ],
        [
          37,
          2
        ],
        [
          41,
          3
        ],
        [
          43,
          2
        ],
        [
          47,
          3
        ],
        [
          53,
          4
        ],
        [
          59,
          3
        ],
        [
          61,
          4
        ],
        [
          67,
          2
        ],
        [
          71,
          3
        ],
        [
          73,
          2
        ],
        [
          79,
          2
        ],
        [
          83,
          3
        ],
        [
          89,
          2
        ],
        [
          97,
          2
        ],
        [
          101,
          3
        ],
        [
          103,
          2
        ],
        [
          107,
          2
        ],
        [
          109,
          4
        ],
        [
          113,
          3
        ],
        [
          127,
          2
        ],
        [
          131,
          2
        ],
        [
          137,
          1
        ],
        [
          139,
          2
        ],
        [
          149,
          3
        ],
        [
          151,
          1
        ],
        [
          157,
          2
        ],
        [
          163,
          4
        ],
        [
          167,
          2
        ],
        [
          173,
          2
        ],
        [
          179,
          2
        ],
        [
          193,
          2
        ],
        [
          197,
          2
        ],
        [
          199,
          2
        ],
        [
          211,
          1
        ],
        [
          223,
          1
        ],
        [
          229,
          1
        ],
        [
          239,
          2
        ],
        [
          241,
          1
        ],
        [
          251,
          2
        ],
        [
          257,
          2
        ],
        [
          263,
          2
        ],
        [
          277,
          2
        ],
        [
          281,
          3
        ],
        [
          317,
          2
        ],
        [
          331,
          2
        ],
        [
          349,
          2
        ],
        [
          353,
          2
        ],
        [
          367,
          2
        ],
        [
          389,
          2
        ],
        [
          421,
          2
        ]
      ],
      "support_size": 59,
      "N_digits": 257,
      "N_mod_3": 2,
      "p_integral": true,
      "p_digits": 257,
      "p_mod_8": 7,
      "sympy_isprime_p": false,
      "status": "P_COMPOSITE_OR_NOT_PROVED_BY_SYMPY",
      "gpu_score": 0.9930565773588,
      "gpu_x2_approx": 0.8612214738011497,
      "gpu_hit_count": 54,
      "gpu_log_N": 591.1527950447351
    },
    {
      "source": "gpu_batch_1",
      "rank": 51,
      "support": [
        [
          5,
          2
        ],
        [
          7,
          4
        ],
        [
          11,
          2
        ],
        [
          13,
          1
        ],
        [
          17,
          1
        ],
        [
          19,
          1
        ],
        [
          23,
          2
        ],
        [
          29,
          1
        ],
        [
          31,
          2
        ],
        [
          37,
          2
        ],
        [
          41,
          1
        ],
        [
          43,
          2
        ],
        [
          47,
          4
        ],
        [
          53,
          4
        ],
        [
          59,
          2
        ],
        [
          61,
          2
        ],
        [
          67,
          3
        ],
        [
          71,
          3
        ],
        [
          73,
          3
        ],
        [
          79,
          2
        ],
        [
          83,
          1
        ],
        [
          89,
          2
        ],
        [
          97,
          3
        ],
        [
          101,
          4
        ],
        [
          103,
          2
        ],
        [
          107,
          3
        ],
        [
          109,
          2
        ],
        [
          113,
          2
        ],
        [
          127,
          1
        ],
        [
          131,
          3
        ],
        [
          137,
          1
        ],
        [
          139,
          1
        ],
        [
          149,
          2
        ],
        [
          151,
          3
        ],
        [
          157,
          1
        ],
        [
          163,
          4
        ],
        [
          167,
          3
        ],
        [
          173,
          2
        ],
        [
          179,
          2
        ],
        [
          193,
          3
        ],
        [
          197,
          3
        ],
        [
          199,
          2
        ],
        [
          211,
          2
        ],
        [
          223,
          1
        ],
        [
          229,
          1
        ],
        [
          239,
          2
        ],
        [
          241,
          3
        ],
        [
          251,
          2
        ],
        [
          257,
          2
        ],
        [
          263,
          1
        ],
        [
          269,
          2
        ],
        [
          277,
          3
        ],
        [
          281,
          1
        ],
        [
          307,
          2
        ],
        [
          317,
          2
        ],
        [
          331,
          2
        ],
        [
          349,
          2
        ],
        [
          359,
          1
        ],
        [
          367,
          2
        ],
        [
          389,
          2
        ],
        [
          397,
          1
        ],
        [
          421,
          2
        ]
      ],
      "support_size": 62,
      "N_digits": 263,
      "N_mod_3": 2,
      "p_integral": true,
      "p_digits": 263,
      "p_mod_8": 7,
      "sympy_isprime_p": false,
      "status": "P_COMPOSITE_OR_NOT_PROVED_BY_SYMPY",
      "gpu_score": 0.9930640755442808,
      "gpu_x2_approx": 0.8601740995717008,
      "gpu_hit_count": 53,
      "gpu_log_N": 603.906188486156
    },
    {
      "source": "gpu_batch_3",
      "rank": 52,
      "support": [
        [
          5,
          2
        ],
        [
          7,
          3
        ],
        [
          11,
          1
        ],
        [
          13,
          2
        ],
        [
          17,
          2
        ],
        [
          19,
          2
        ],
        [
          23,
          1
        ],
        [
          29,
          2
        ],
        [
          31,
          3
        ],
        [
          37,
          1
        ],
        [
          41,
          3
        ],
        [
          43,
          2
        ],
        [
          47,
          3
        ],
        [
          53,
          3
        ],
        [
          59,
          2
        ],
        [
          61,
          3
        ],
        [
          67,
          3
        ],
        [
          71,
          4
        ],
        [
          73,
          3
        ],
        [
          79,
          3
        ],
        [
          83,
          2
        ],
        [
          89,
          1
        ],
        [
          97,
          1
        ],
        [
          101,
          2
        ],
        [
          107,
          3
        ],
        [
          109,
          4
        ],
        [
          113,
          3
        ],
        [
          127,
          2
        ],
        [
          131,
          2
        ],
        [
          137,
          2
        ],
        [
          139,
          2
        ],
        [
          149,
          3
        ],
        [
          151,
          2
        ],
        [
          157,
          3
        ],
        [
          163,
          3
        ],
        [
          167,
          2
        ],
        [
          173,
          2
        ],
        [
          179,
          2
        ],
        [
          193,
          3
        ],
        [
          197,
          2
        ],
        [
          199,
          2
        ],
        [
          211,
          2
        ],
        [
          223,
          3
        ],
        [
          229,
          2
        ],
        [
          241,
          3
        ],
        [
          251,
          1
        ],
        [
          257,
          1
        ],
        [
          263,
          3
        ],
        [
          269,
          1
        ],
        [
          277,
          3
        ],
        [
          281,
          2
        ],
        [
          307,
          1
        ],
        [
          317,
          2
        ],
        [
          331,
          1
        ],
        [
          349,
          1
        ],
        [
          353,
          1
        ],
        [
          359,
          2
        ],
        [
          367,
          2
        ],
        [
          389,
          1
        ],
        [
          397,
          2
        ],
        [
          421,
          1
        ]
      ],
      "support_size": 61,
      "N_digits": 263,
      "N_mod_3": 2,
      "p_integral": true,
      "p_digits": 263,
      "p_mod_8": 7,
      "sympy_isprime_p": false,
      "status": "P_COMPOSITE_OR_NOT_PROVED_BY_SYMPY",
      "gpu_score": 0.9930658389159022,
      "gpu_x2_approx": 0.8614052005365012,
      "gpu_hit_count": 53,
      "gpu_log_N": 604.8804209531943
    },
    {
      "source": "gpu_batch_5",
      "rank": 53,
      "support": [
        [
          5,
          2
        ],
        [
          7,
          4
        ],
        [
          11,
          2
        ],
        [
          13,
          2
        ],
        [
          17,
          2
        ],
        [
          19,
          1
        ],
        [
          23,
          1
        ],
        [
          29,
          3
        ],
        [
          31,
          2
        ],
        [
          37,
          2
        ],
        [
          41,
          2
        ],
        [
          43,
          1
        ],
        [
          47,
          4
        ],
        [
          53,
          4
        ],
        [
          59,
          4
        ],
        [
          61,
          4
        ],
        [
          67,
          2
        ],
        [
          71,
          2
        ],
        [
          73,
          2
        ],
        [
          79,
          1
        ],
        [
          83,
          1
        ],
        [
          89,
          1
        ],
        [
          97,
          3
        ],
        [
          101,
          4
        ],
        [
          103,
          2
        ],
        [
          107,
          2
        ],
        [
          109,
          2
        ],
        [
          113,
          1
        ],
        [
          127,
          2
        ],
        [
          131,
          3
        ],
        [
          137,
          2
        ],
        [
          139,
          1
        ],
        [
          149,
          3
        ],
        [
          151,
          2
        ],
        [
          157,
          3
        ],
        [
          163,
          4
        ],
        [
          167,
          2
        ],
        [
          173,
          2
        ],
        [
          179,
          3
        ],
        [
          193,
          2
        ],
        [
          197,
          2
        ],
        [
          199,
          1
        ],
        [
          211,
          2
        ],
        [
          223,
          3
        ],
        [
          229,
          2
        ],
        [
          239,
          2
        ],
        [
          241,
          2
        ],
        [
          251,
          1
        ],
        [
          257,
          2
        ],
        [
          263,
          3
        ],
        [
          269,
          2
        ],
        [
          277,
          2
        ],
        [
          281,
          3
        ],
        [
          307,
          1
        ],
        [
          317,
          2
        ],
        [
          367,
          1
        ],
        [
          389,
          2
        ],
        [
          397,
          2
        ],
        [
          421,
          1
        ]
      ],
      "support_size": 59,
      "N_digits": 254,
      "N_mod_3": 2,
      "p_integral": true,
      "p_digits": 254,
      "p_mod_8": 7,
      "sympy_isprime_p": false,
      "status": "P_COMPOSITE_OR_NOT_PROVED_BY_SYMPY",
      "gpu_score": 0.993086374656697,
      "gpu_x2_approx": 0.8611350805595923,
      "gpu_hit_count": 53,
      "gpu_log_N": 583.4562361675062
    },
    {
      "source": "gpu_batch_7",
      "rank": 54,
      "support": [
        [
          5,
          1
        ],
        [
          7,
          4
        ],
        [
          11,
          2
        ],
        [
          13,
          1
        ],
        [
          17,
          3
        ],
        [
          19,
          3
        ],
        [
          23,
          2
        ],
        [
          29,
          3
        ],
        [
          31,
          3
        ],
        [
          37,
          2
        ],
        [
          41,
          3
        ],
        [
          43,
          3
        ],
        [
          47,
          3
        ],
        [
          53,
          2
        ],
        [
          59,
          2
        ],
        [
          61,
          2
        ],
        [
          67,
          3
        ],
        [
          71,
          4
        ],
        [
          73,
          2
        ],
        [
          79,
          3
        ],
        [
          83,
          2
        ],
        [
          89,
          1
        ],
        [
          97,
          2
        ],
        [
          101,
          4
        ],
        [
          103,
          2
        ],
        [
          107,
          1
        ],
        [
          109,
          3
        ],
        [
          113,
          2
        ],
        [
          127,
          2
        ],
        [
          131,
          4
        ],
        [
          137,
          2
        ],
        [
          139,
          1
        ],
        [
          149,
          3
        ],
        [
          151,
          2
        ],
        [
          157,
          2
        ],
        [
          163,
          2
        ],
        [
          167,
          3
        ],
        [
          173,
          1
        ],
        [
          179,
          1
        ],
        [
          193,
          3
        ],
        [
          197,
          1
        ],
        [
          199,
          1
        ],
        [
          211,
          2
        ],
        [
          223,
          3
        ],
        [
          229,
          2
        ],
        [
          241,
          2
        ],
        [
          251,
          2
        ],
        [
          257,
          3
        ],
        [
          263,
          1
        ],
        [
          269,
          2
        ],
        [
          277,
          3
        ],
        [
          281,
          2
        ],
        [
          307,
          2
        ],
        [
          317,
          1
        ],
        [
          331,
          1
        ],
        [
          349,
          2
        ],
        [
          353,
          1
        ],
        [
          359,
          2
        ],
        [
          367,
          2
        ],
        [
          389,
          1
        ],
        [
          397,
          2
        ],
        [
          421,
          2
        ]
      ],
      "support_size": 62,
      "N_digits": 267,
      "N_mod_3": 2,
      "p_integral": true,
      "p_digits": 267,
      "p_mod_8": 7,
      "sympy_isprime_p": false,
      "status": "P_COMPOSITE_OR_NOT_PROVED_BY_SYMPY",
      "gpu_score": 0.9930902214935758,
      "gpu_x2_approx": 0.8603235966477973,
      "gpu_hit_count": 53,
      "gpu_log_N": 612.9623856885394
    },
    {
      "source": "gpu_batch_2",
      "rank": 55,
      "support": [
        [
          5,
          1
        ],
        [
          7,
          2
        ],
        [
          11,
          1
        ],
        [
          13,
          2
        ],
        [
          17,
          1
        ],
        [
          19,
          3
        ],
        [
          23,
          2
        ],
        [
          29,
          2
        ],
        [
          31,
          3
        ],
        [
          37,
          2
        ],
        [
          41,
          3
        ],
        [
          43,
          2
        ],
        [
          47,
          3
        ],
        [
          53,
          2
        ],
        [
          59,
          4
        ],
        [
          61,
          4
        ],
        [
          67,
          2
        ],
        [
          71,
          2
        ],
        [
          73,
          2
        ],
        [
          79,
          3
        ],
        [
          83,
          1
        ],
        [
          89,
          2
        ],
        [
          97,
          3
        ],
        [
          101,
          4
        ],
        [
          103,
          2
        ],
        [
          107,
          3
        ],
        [
          109,
          3
        ],
        [
          113,
          2
        ],
        [
          127,
          2
        ],
        [
          131,
          2
        ],
        [
          139,
          2
        ],
        [
          149,
          3
        ],
        [
          151,
          2
        ],
        [
          157,
          3
        ],
        [
          163,
          2
        ],
        [
          167,
          3
        ],
        [
          179,
          1
        ],
        [
          193,
          2
        ],
        [
          197,
          3
        ],
        [
          199,
          1
        ],
        [
          211,
          2
        ],
        [
          223,
          3
        ],
        [
          229,
          2
        ],
        [
          239,
          1
        ],
        [
          241,
          1
        ],
        [
          251,
          2
        ],
        [
          257,
          2
        ],
        [
          263,
          2
        ],
        [
          269,
          1
        ],
        [
          277,
          3
        ],
        [
          281,
          2
        ],
        [
          307,
          2
        ],
        [
          317,
          2
        ],
        [
          331,
          2
        ],
        [
          353,
          2
        ],
        [
          359,
          1
        ],
        [
          367,
          2
        ],
        [
          389,
          1
        ],
        [
          397,
          2
        ],
        [
          421,
          1
        ]
      ],
      "support_size": 60,
      "N_digits": 258,
      "N_mod_3": 2,
      "p_integral": true,
      "p_digits": 258,
      "p_mod_8": 7,
      "sympy_isprime_p": false,
      "status": "P_COMPOSITE_OR_NOT_PROVED_BY_SYMPY",
      "gpu_score": 0.9931096434876083,
      "gpu_x2_approx": 0.8616330950770184,
      "gpu_hit_count": 54,
      "gpu_log_N": 592.8418427335741
    },
    {
      "source": "gpu_batch_7",
      "rank": 56,
      "support": [
        [
          5,
          1
        ],
        [
          7,
          2
        ],
        [
          11,
          2
        ],
        [
          13,
          1
        ],
        [
          17,
          3
        ],
        [
          19,
          2
        ],
        [
          23,
          2
        ],
        [
          29,
          2
        ],
        [
          31,
          2
        ],
        [
          37,
          2
        ],
        [
          41,
          2
        ],
        [
          43,
          3
        ],
        [
          47,
          4
        ],
        [
          53,
          4
        ],
        [
          59,
          2
        ],
        [
          61,
          3
        ],
        [
          67,
          1
        ],
        [
          71,
          3
        ],
        [
          73,
          3
        ],
        [
          79,
          1
        ],
        [
          83,
          1
        ],
        [
          89,
          1
        ],
        [
          97,
          1
        ],
        [
          101,
          2
        ],
        [
          103,
          2
        ],
        [
          107,
          1
        ],
        [
          109,
          4
        ],
        [
          113,
          2
        ],
        [
          127,
          2
        ],
        [
          131,
          2
        ],
        [
          137,
          2
        ],
        [
          139,
          1
        ],
        [
          149,
          1
        ],
        [
          151,
          3
        ],
        [
          157,
          1
        ],
        [
          163,
          2
        ],
        [
          167,
          2
        ],
        [
          173,
          2
        ],
        [
          179,
          1
        ],
        [
          193,
          1
        ],
        [
          197,
          2
        ],
        [
          199,
          2
        ],
        [
          211,
          2
        ],
        [
          223,
          3
        ],
        [
          229,
          2
        ],
        [
          241,
          2
        ],
        [
          251,
          1
        ],
        [
          257,
          3
        ],
        [
          263,
          3
        ],
        [
          269,
          2
        ],
        [
          277,
          3
        ],
        [
          281,
          2
        ],
        [
          317,
          2
        ],
        [
          331,
          1
        ],
        [
          349,
          2
        ],
        [
          353,
          2
        ],
        [
          359,
          2
        ],
        [
          367,
          2
        ],
        [
          389,
          2
        ],
        [
          397,
          2
        ],
        [
          421,
          2
        ]
      ],
      "support_size": 61,
      "N_digits": 249,
      "N_mod_3": 2,
      "p_integral": true,
      "p_digits": 249,
      "p_mod_8": 7,
      "sympy_isprime_p": false,
      "status": "P_COMPOSITE_OR_NOT_PROVED_BY_SYMPY",
      "gpu_score": 0.9931441992443601,
      "gpu_x2_approx": 0.8606841312773652,
      "gpu_hit_count": 55,
      "gpu_log_N": 572.9032120210973
    },
    {
      "source": "gpu_batch_9",
      "rank": 57,
      "support": [
        [
          5,
          1
        ],
        [
          7,
          2
        ],
        [
          11,
          2
        ],
        [
          13,
          2
        ],
        [
          17,
          2
        ],
        [
          19,
          1
        ],
        [
          23,
          2
        ],
        [
          29,
          2
        ],
        [
          31,
          3
        ],
        [
          37,
          1
        ],
        [
          41,
          2
        ],
        [
          43,
          1
        ],
        [
          47,
          3
        ],
        [
          53,
          3
        ],
        [
          59,
          3
        ],
        [
          61,
          3
        ],
        [
          67,
          3
        ],
        [
          71,
          4
        ],
        [
          73,
          3
        ],
        [
          79,
          2
        ],
        [
          83,
          1
        ],
        [
          89,
          2
        ],
        [
          97,
          1
        ],
        [
          101,
          4
        ],
        [
          103,
          2
        ],
        [
          107,
          3
        ],
        [
          109,
          2
        ],
        [
          113,
          3
        ],
        [
          127,
          1
        ],
        [
          131,
          3
        ],
        [
          137,
          2
        ],
        [
          139,
          2
        ],
        [
          149,
          3
        ],
        [
          151,
          1
        ],
        [
          157,
          1
        ],
        [
          163,
          2
        ],
        [
          167,
          3
        ],
        [
          173,
          1
        ],
        [
          179,
          3
        ],
        [
          193,
          3
        ],
        [
          197,
          1
        ],
        [
          199,
          2
        ],
        [
          211,
          2
        ],
        [
          223,
          3
        ],
        [
          229,
          2
        ],
        [
          241,
          3
        ],
        [
          257,
          2
        ],
        [
          263,
          3
        ],
        [
          269,
          2
        ],
        [
          277,
          3
        ],
        [
          281,
          1
        ],
        [
          307,
          2
        ],
        [
          317,
          2
        ],
        [
          331,
          2
        ],
        [
          349,
          2
        ],
        [
          353,
          2
        ],
        [
          367,
          2
        ],
        [
          389,
          2
        ],
        [
          397,
          2
        ],
        [
          421,
          2
        ]
      ],
      "support_size": 60,
      "N_digits": 265,
      "N_mod_3": 2,
      "p_integral": true,
      "p_digits": 265,
      "p_mod_8": 7,
      "sympy_isprime_p": false,
      "status": "P_COMPOSITE_OR_NOT_PROVED_BY_SYMPY",
      "gpu_score": 0.9931925738367763,
      "gpu_x2_approx": 0.8610742901713561,
      "gpu_hit_count": 55,
      "gpu_log_N": 608.4805660598277
    },
    {
      "source": "gpu_batch_9",
      "rank": 58,
      "support": [
        [
          5,
          2
        ],
        [
          7,
          2
        ],
        [
          11,
          1
        ],
        [
          13,
          2
        ],
        [
          17,
          1
        ],
        [
          19,
          2
        ],
        [
          23,
          1
        ],
        [
          29,
          2
        ],
        [
          31,
          2
        ],
        [
          37,
          1
        ],
        [
          41,
          3
        ],
        [
          43,
          1
        ],
        [
          47,
          3
        ],
        [
          53,
          3
        ],
        [
          59,
          2
        ],
        [
          61,
          2
        ],
        [
          67,
          3
        ],
        [
          71,
          4
        ],
        [
          73,
          2
        ],
        [
          79,
          1
        ],
        [
          83,
          1
        ],
        [
          89,
          2
        ],
        [
          97,
          2
        ],
        [
          101,
          4
        ],
        [
          103,
          2
        ],
        [
          107,
          3
        ],
        [
          109,
          2
        ],
        [
          113,
          2
        ],
        [
          127,
          1
        ],
        [
          131,
          4
        ],
        [
          137,
          2
        ],
        [
          139,
          2
        ],
        [
          149,
          1
        ],
        [
          151,
          3
        ],
        [
          157,
          2
        ],
        [
          163,
          2
        ],
        [
          167,
          3
        ],
        [
          173,
          2
        ],
        [
          179,
          1
        ],
        [
          193,
          2
        ],
        [
          197,
          3
        ],
        [
          199,
          2
        ],
        [
          211,
          2
        ],
        [
          223,
          3
        ],
        [
          239,
          2
        ],
        [
          241,
          3
        ],
        [
          251,
          2
        ],
        [
          257,
          3
        ],
        [
          263,
          1
        ],
        [
          269,
          1
        ],
        [
          277,
          2
        ],
        [
          281,
          1
        ],
        [
          317,
          1
        ],
        [
          331,
          1
        ],
        [
          349,
          1
        ],
        [
          353,
          2
        ],
        [
          359,
          1
        ],
        [
          367,
          2
        ],
        [
          389,
          1
        ],
        [
          397,
          1
        ],
        [
          421,
          1
        ]
      ],
      "support_size": 61,
      "N_digits": 240,
      "N_mod_3": 2,
      "p_integral": true,
      "p_digits": 240,
      "p_mod_8": 7,
      "sympy_isprime_p": false,
      "status": "P_COMPOSITE_OR_NOT_PROVED_BY_SYMPY",
      "gpu_score": 0.9932102807551391,
      "gpu_x2_approx": 0.860704443273856,
      "gpu_hit_count": 51,
      "gpu_log_N": 551.3325914542737
    },
    {
      "source": "gpu_batch_9",
      "rank": 59,
      "support": [
        [
          5,
          2
        ],
        [
          7,
          3
        ],
        [
          11,
          1
        ],
        [
          13,
          1
        ],
        [
          17,
          3
        ],
        [
          19,
          3
        ],
        [
          23,
          2
        ],
        [
          29,
          2
        ],
        [
          31,
          2
        ],
        [
          37,
          1
        ],
        [
          41,
          2
        ],
        [
          43,
          3
        ],
        [
          47,
          4
        ],
        [
          53,
          4
        ],
        [
          59,
          3
        ],
        [
          61,
          3
        ],
        [
          67,
          3
        ],
        [
          71,
          2
        ],
        [
          73,
          3
        ],
        [
          79,
          3
        ],
        [
          83,
          1
        ],
        [
          89,
          2
        ],
        [
          97,
          1
        ],
        [
          101,
          2
        ],
        [
          103,
          2
        ],
        [
          107,
          3
        ],
        [
          109,
          4
        ],
        [
          113,
          3
        ],
        [
          127,
          2
        ],
        [
          131,
          4
        ],
        [
          137,
          1
        ],
        [
          139,
          2
        ],
        [
          149,
          2
        ],
        [
          151,
          3
        ],
        [
          157,
          3
        ],
        [
          163,
          2
        ],
        [
          167,
          1
        ],
        [
          179,
          1
        ],
        [
          193,
          3
        ],
        [
          197,
          3
        ],
        [
          199,
          1
        ],
        [
          223,
          2
        ],
        [
          229,
          1
        ],
        [
          239,
          2
        ],
        [
          241,
          3
        ],
        [
          251,
          2
        ],
        [
          257,
          3
        ],
        [
          263,
          2
        ],
        [
          269,
          2
        ],
        [
          277,
          3
        ],
        [
          281,
          3
        ],
        [
          307,
          2
        ],
        [
          317,
          2
        ],
        [
          331,
          2
        ],
        [
          353,
          2
        ],
        [
          359,
          1
        ],
        [
          367,
          1
        ],
        [
          389,
          2
        ],
        [
          421,
          2
        ]
      ],
      "support_size": 59,
      "N_digits": 266,
      "N_mod_3": 2,
      "p_integral": true,
      "p_digits": 266,
      "p_mod_8": 7,
      "sympy_isprime_p": false,
      "status": "P_COMPOSITE_OR_NOT_PROVED_BY_SYMPY",
      "gpu_score": 0.9932158014139006,
      "gpu_x2_approx": 0.8616271376120483,
      "gpu_hit_count": 55,
      "gpu_log_N": 611.1649148949214
    },
    {
      "source": "gpu_batch_1",
      "rank": 60,
      "support": [
        [
          5,
          2
        ],
        [
          7,
          4
        ],
        [
          11,
          2
        ],
        [
          13,
          1
        ],
        [
          17,
          1
        ],
        [
          19,
          3
        ],
        [
          23,
          1
        ],
        [
          29,
          3
        ],
        [
          31,
          3
        ],
        [
          37,
          1
        ],
        [
          41,
          2
        ],
        [
          43,
          3
        ],
        [
          47,
          2
        ],
        [
          53,
          3
        ],
        [
          59,
          3
        ],
        [
          61,
          4
        ],
        [
          67,
          2
        ],
        [
          71,
          4
        ],
        [
          73,
          2
        ],
        [
          79,
          2
        ],
        [
          83,
          1
        ],
        [
          89,
          1
        ],
        [
          97,
          3
        ],
        [
          101,
          4
        ],
        [
          103,
          2
        ],
        [
          107,
          3
        ],
        [
          109,
          4
        ],
        [
          113,
          2
        ],
        [
          127,
          2
        ],
        [
          131,
          4
        ],
        [
          137,
          2
        ],
        [
          139,
          2
        ],
        [
          149,
          2
        ],
        [
          151,
          1
        ],
        [
          157,
          1
        ],
        [
          163,
          2
        ],
        [
          167,
          2
        ],
        [
          173,
          2
        ],
        [
          179,
          1
        ],
        [
          193,
          2
        ],
        [
          197,
          3
        ],
        [
          199,
          1
        ],
        [
          211,
          1
        ],
        [
          223,
          3
        ],
        [
          229,
          2
        ],
        [
          239,
          2
        ],
        [
          241,
          2
        ],
        [
          251,
          2
        ],
        [
          257,
          1
        ],
        [
          263,
          1
        ],
        [
          269,
          1
        ],
        [
          277,
          3
        ],
        [
          281,
          1
        ],
        [
          307,
          2
        ],
        [
          317,
          1
        ],
        [
          331,
          2
        ],
        [
          349,
          1
        ],
        [
          353,
          1
        ],
        [
          359,
          2
        ],
        [
          389,
          1
        ],
        [
          397,
          1
        ],
        [
          421,
          2
        ]
      ],
      "support_size": 62,
      "N_digits": 251,
      "N_mod_3": 2,
      "p_integral": true,
      "p_digits": 251,
      "p_mod_8": 7,
      "sympy_isprime_p": false,
      "status": "P_COMPOSITE_OR_NOT_PROVED_BY_SYMPY",
      "gpu_score": 0.9932199483045888,
      "gpu_x2_approx": 0.8601621610169707,
      "gpu_hit_count": 50,
      "gpu_log_N": 577.101831915393
    },
    {
      "source": "gpu_batch_5",
      "rank": 61,
      "support": [
        [
          5,
          1
        ],
        [
          7,
          2
        ],
        [
          11,
          2
        ],
        [
          13,
          1
        ],
        [
          17,
          1
        ],
        [
          19,
          2
        ],
        [
          23,
          2
        ],
        [
          29,
          2
        ],
        [
          31,
          3
        ],
        [
          37,
          1
        ],
        [
          41,
          2
        ],
        [
          43,
          3
        ],
        [
          47,
          3
        ],
        [
          53,
          4
        ],
        [
          59,
          3
        ],
        [
          61,
          4
        ],
        [
          67,
          3
        ],
        [
          71,
          2
        ],
        [
          73,
          2
        ],
        [
          79,
          2
        ],
        [
          83,
          1
        ],
        [
          89,
          1
        ],
        [
          97,
          2
        ],
        [
          101,
          4
        ],
        [
          103,
          2
        ],
        [
          107,
          3
        ],
        [
          109,
          4
        ],
        [
          113,
          3
        ],
        [
          127,
          2
        ],
        [
          131,
          4
        ],
        [
          137,
          2
        ],
        [
          139,
          1
        ],
        [
          149,
          2
        ],
        [
          151,
          2
        ],
        [
          157,
          2
        ],
        [
          163,
          4
        ],
        [
          167,
          2
        ],
        [
          179,
          2
        ],
        [
          193,
          3
        ],
        [
          197,
          3
        ],
        [
          199,
          2
        ],
        [
          211,
          1
        ],
        [
          223,
          3
        ],
        [
          229,
          2
        ],
        [
          239,
          1
        ],
        [
          241,
          1
        ],
        [
          251,
          2
        ],
        [
          257,
          2
        ],
        [
          263,
          1
        ],
        [
          269,
          1
        ],
        [
          277,
          1
        ],
        [
          281,
          2
        ],
        [
          307,
          1
        ],
        [
          317,
          2
        ],
        [
          331,
          2
        ],
        [
          349,
          1
        ],
        [
          353,
          1
        ],
        [
          359,
          2
        ],
        [
          389,
          2
        ],
        [
          397,
          2
        ],
        [
          421,
          2
        ]
      ],
      "support_size": 61,
      "N_digits": 258,
      "N_mod_3": 2,
      "p_integral": true,
      "p_digits": 259,
      "p_mod_8": 7,
      "sympy_isprime_p": false,
      "status": "P_COMPOSITE_OR_NOT_PROVED_BY_SYMPY",
      "gpu_score": 0.9932233304983606,
      "gpu_x2_approx": 0.860802638697302,
      "gpu_hit_count": 52,
      "gpu_log_N": 593.7978369805523
    },
    {
      "source": "gpu_batch_8",
      "rank": 62,
      "support": [
        [
          5,
          1
        ],
        [
          7,
          4
        ],
        [
          11,
          1
        ],
        [
          13,
          2
        ],
        [
          17,
          3
        ],
        [
          19,
          2
        ],
        [
          23,
          1
        ],
        [
          29,
          1
        ],
        [
          31,
          3
        ],
        [
          37,
          1
        ],
        [
          41,
          1
        ],
        [
          43,
          1
        ],
        [
          47,
          4
        ],
        [
          53,
          4
        ],
        [
          59,
          2
        ],
        [
          61,
          4
        ],
        [
          67,
          1
        ],
        [
          71,
          4
        ],
        [
          73,
          3
        ],
        [
          79,
          3
        ],
        [
          83,
          1
        ],
        [
          89,
          1
        ],
        [
          97,
          1
        ],
        [
          101,
          3
        ],
        [
          103,
          1
        ],
        [
          107,
          2
        ],
        [
          109,
          2
        ],
        [
          113,
          1
        ],
        [
          127,
          2
        ],
        [
          131,
          3
        ],
        [
          137,
          2
        ],
        [
          139,
          2
        ],
        [
          149,
          2
        ],
        [
          151,
          3
        ],
        [
          157,
          3
        ],
        [
          163,
          2
        ],
        [
          167,
          2
        ],
        [
          173,
          1
        ],
        [
          179,
          3
        ],
        [
          193,
          2
        ],
        [
          197,
          2
        ],
        [
          199,
          3
        ],
        [
          211,
          2
        ],
        [
          223,
          2
        ],
        [
          229,
          2
        ],
        [
          239,
          2
        ],
        [
          241,
          1
        ],
        [
          251,
          2
        ],
        [
          257,
          3
        ],
        [
          263,
          3
        ],
        [
          269,
          1
        ],
        [
          277,
          3
        ],
        [
          281,
          2
        ],
        [
          307,
          1
        ],
        [
          317,
          1
        ],
        [
          331,
          2
        ],
        [
          349,
          1
        ],
        [
          359,
          1
        ],
        [
          367,
          2
        ],
        [
          389,
          1
        ],
        [
          397,
          2
        ]
      ],
      "support_size": 61,
      "N_digits": 249,
      "N_mod_3": 2,
      "p_integral": true,
      "p_digits": 249,
      "p_mod_8": 7,
      "sympy_isprime_p": false,
      "status": "P_COMPOSITE_OR_NOT_PROVED_BY_SYMPY",
      "gpu_score": 0.9932287093572597,
      "gpu_x2_approx": 0.8604364188563953,
      "gpu_hit_count": 52,
      "gpu_log_N": 571.6471526535322
    },
    {
      "source": "gpu_batch_8",
      "rank": 63,
      "support": [
        [
          5,
          1
        ],
        [
          7,
          2
        ],
        [
          11,
          2
        ],
        [
          13,
          1
        ],
        [
          17,
          3
        ],
        [
          19,
          1
        ],
        [
          23,
          2
        ],
        [
          29,
          3
        ],
        [
          31,
          3
        ],
        [
          37,
          1
        ],
        [
          41,
          1
        ],
        [
          43,
          2
        ],
        [
          47,
          2
        ],
        [
          53,
          2
        ],
        [
          59,
          3
        ],
        [
          61,
          2
        ],
        [
          67,
          3
        ],
        [
          71,
          4
        ],
        [
          73,
          2
        ],
        [
          79,
          1
        ],
        [
          83,
          1
        ],
        [
          89,
          1
        ],
        [
          97,
          2
        ],
        [
          101,
          2
        ],
        [
          103,
          2
        ],
        [
          107,
          2
        ],
        [
          109,
          2
        ],
        [
          113,
          2
        ],
        [
          127,
          2
        ],
        [
          131,
          3
        ],
        [
          137,
          1
        ],
        [
          139,
          2
        ],
        [
          149,
          3
        ],
        [
          151,
          1
        ],
        [
          157,
          3
        ],
        [
          163,
          4
        ],
        [
          167,
          1
        ],
        [
          173,
          2
        ],
        [
          179,
          2
        ],
        [
          193,
          2
        ],
        [
          197,
          3
        ],
        [
          199,
          3
        ],
        [
          211,
          2
        ],
        [
          223,
          3
        ],
        [
          229,
          2
        ],
        [
          239,
          2
        ],
        [
          241,
          2
        ],
        [
          251,
          1
        ],
        [
          257,
          3
        ],
        [
          263,
          2
        ],
        [
          277,
          1
        ],
        [
          281,
          1
        ],
        [
          307,
          1
        ],
        [
          317,
          2
        ],
        [
          331,
          2
        ],
        [
          349,
          1
        ],
        [
          353,
          2
        ],
        [
          367,
          2
        ],
        [
          389,
          2
        ],
        [
          421,
          1
        ]
      ],
      "support_size": 60,
      "N_digits": 240,
      "N_mod_3": 2,
      "p_integral": true,
      "p_digits": 241,
      "p_mod_8": 7,
      "sympy_isprime_p": false,
      "status": "P_COMPOSITE_OR_NOT_PROVED_BY_SYMPY",
      "gpu_score": 0.993252763630126,
      "gpu_x2_approx": 0.8608591888702013,
      "gpu_hit_count": 52,
      "gpu_log_N": 552.5199109301183
    },
    {
      "source": "gpu_batch_0",
      "rank": 64,
      "support": [
        [
          5,
          2
        ],
        [
          7,
          3
        ],
        [
          11,
          1
        ],
        [
          13,
          1
        ],
        [
          17,
          3
        ],
        [
          19,
          2
        ],
        [
          23,
          1
        ],
        [
          29,
          2
        ],
        [
          31,
          3
        ],
        [
          37,
          1
        ],
        [
          41,
          3
        ],
        [
          43,
          3
        ],
        [
          47,
          2
        ],
        [
          53,
          2
        ],
        [
          59,
          4
        ],
        [
          61,
          2
        ],
        [
          67,
          1
        ],
        [
          71,
          3
        ],
        [
          73,
          3
        ],
        [
          79,
          3
        ],
        [
          83,
          3
        ],
        [
          89,
          2
        ],
        [
          97,
          3
        ],
        [
          101,
          3
        ],
        [
          103,
          2
        ],
        [
          107,
          2
        ],
        [
          109,
          4
        ],
        [
          113,
          3
        ],
        [
          127,
          1
        ],
        [
          131,
          3
        ],
        [
          137,
          1
        ],
        [
          139,
          1
        ],
        [
          149,
          3
        ],
        [
          151,
          3
        ],
        [
          157,
          2
        ],
        [
          163,
          2
        ],
        [
          167,
          2
        ],
        [
          173,
          2
        ],
        [
          179,
          2
        ],
        [
          193,
          1
        ],
        [
          197,
          2
        ],
        [
          199,
          3
        ],
        [
          211,
          2
        ],
        [
          223,
          2
        ],
        [
          229,
          1
        ],
        [
          241,
          1
        ],
        [
          251,
          2
        ],
        [
          257,
          2
        ],
        [
          263,
          3
        ],
        [
          269,
          2
        ],
        [
          277,
          2
        ],
        [
          281,
          3
        ],
        [
          307,
          2
        ],
        [
          317,
          2
        ],
        [
          349,
          2
        ],
        [
          353,
          2
        ],
        [
          359,
          2
        ],
        [
          367,
          2
        ],
        [
          389,
          2
        ],
        [
          421,
          1
        ]
      ],
      "support_size": 60,
      "N_digits": 261,
      "N_mod_3": 2,
      "p_integral": true,
      "p_digits": 261,
      "p_mod_8": 7,
      "sympy_isprime_p": false,
      "status": "P_COMPOSITE_OR_NOT_PROVED_BY_SYMPY",
      "gpu_score": 0.9932903963336669,
      "gpu_x2_approx": 0.8609373497451569,
      "gpu_hit_count": 54,
      "gpu_log_N": 600.0570597551373
    }
  ],
  "closed_by_this_pass": true,
  "elapsed_s": 34.885
}
